state;year;dopen;population;presdemvoteshlag1;demmv;demvoteshlag1;demvoteshlag2;demvoteshfor1;demvoteshfor2;demwinprv1;demwinprv2;dmidterm;dpresdem
Connecticut;1914;0;1233000;39;-8;;;46;36;;;1;1
Connecticut;1916;0;1294000;39;-4;42;;36;45;0;;0;1
Connecticut;1922;0;1431000;33;-7;36;46;36;46;0;0;1;0
Connecticut;1926;0;1531000;28;-28;45;36;46;48;0;0;1;0
Connecticut;1928;1;1577000;28;-8;36;45;48;52;0;0;0;0
Connecticut;1932;0;1637000;46;1;46;36;52;40;0;0;0;0
Connecticut;1934;0;1650000;47;3;48;46;40;53;1;0;1;1
Connecticut;1938;0;1684000;55;-3;52;48;53;52;1;1;1;1
Connecticut;1944;0;1778000;53;5;53;40;41;52;1;0;0;1
Connecticut;1952;0;2081000;48;-8;52;41;43;57;1;0;0;1
Connecticut;1956;0;2316000;44;-12;44;52;57;51;0;1;0;0
Connecticut;1958;0;2446000;36;15;43;44;51;65;0;0;1;0
Connecticut;1962;1;2647000;54;3;57;43;65;54;1;0;1;1
Connecticut;1964;0;2798000;54;29;51;57;54;34;1;1;0;1
Connecticut;1968;0;2964000;68;9;65;51;34;64;1;1;0;1
Connecticut;1970;1;3032217;49;-8;54;65;64;41;1;1;1;0
Connecticut;1974;0;3074047;40;29;34;54;41;56;0;1;1;0
Connecticut;1976;0;3083335;40;-17;64;34;56;46;1;0;0;0
Connecticut;1980;1;3107576;47;13;41;64;46;65;0;1;0;1
Connecticut;1982;0;3139013;38;-4;56;41;65;50;1;0;1;0
Connecticut;1986;0;3223740;39;30;46;56;50;59;0;1;1;0
Connecticut;1988;0;3271953;39;1;65;46;59;67;1;0;0;0
Connecticut;1992;0;3274997;47;21;50;65;67;65;1;1;0;0
Connecticut;1994;0;3268346;42;36;59;50;65;63;1;1;1;0
Connecticut;1998;0;3272563;53;33;67;59;63;65;1;1;1;0
Connecticut;2000;0;3405650;53;29;65;67;65;40;1;1;0;0
Connecticut;2004;0;3496094;56;34;63;65;40;55;1;1;0;0
Connecticut;2006;0;3517460;54;-11;65;63;55;;1;1;1;0
Connecticut;2010;1;3574097;61;12;40;65;;;0;1;1;0
Maine;1916;0;775000;39;-7;;;44;42;;;0;1
Maine;1918;0;760000;47;-11;46;;42;40;0;;1;1
Maine;1922;0;778000;33;-15;44;46;40;30;0;0;1;0
Maine;1928;0;797000;22;-39;40;42;39;50;0;0;0;0
Maine;1930;1;800000;31;-22;30;40;50;49;0;0;1;0
Maine;1934;0;829000;43;0;39;30;49;41;0;0;1;1
Maine;1936;0;840000;43;-1;50;39;41;33;0;0;0;1
Maine;1940;1;849000;42;-17;49;50;33;36;0;0;0;1
Maine;1942;0;839000;49;-33;41;49;36;29;0;0;1;1
Maine;1946;0;832000;47;-27;33;41;29;37;0;0;1;1
Maine;1948;1;878000;47;-43;36;33;37;41;0;0;0;1
Maine;1952;1;915000;42;-25;29;36;41;61;0;0;0;1
Maine;1954;0;927000;34;-17;37;29;61;38;0;0;1;0
Maine;1958;0;944000;29;22;41;37;38;67;0;0;1;0
Maine;1960;0;969000;29;-23;61;41;67;41;1;0;0;0
Maine;1964;0;993000;43;33;38;61;41;62;0;1;0;1
Maine;1966;0;999000;69;-18;67;38;62;53;1;0;1;1
Maine;1970;0;993722;55;23;41;67;53;60;0;1;1;0
Maine;1972;0;1034292;55;6;62;41;60;34;1;0;0;0
Maine;1978;0;1113566;48;-23;60;53;61;26;1;1;1;1
Maine;1984;0;1155635;42;-47;61;34;81;39;1;0;0;0
Maine;1988;0;1203840;39;63;26;61;39;36;0;1;0;0
Maine;1990;0;1231296;44;-23;81;26;36;44;1;0;1;0
Maine;1994;1;1237687;39;-24;39;81;44;31;0;1;1;0
Maine;1996;1;1241436;39;-5;36;39;31;42;0;0;0;0
Maine;2000;0;1274779;52;-38;44;36;42;21;0;0;0;0
Maine;2002;0;1295960;49;-17;31;44;21;39;0;0;1;0
Maine;2006;0;1323619;54;-53;42;31;39;;0;0;1;0
Maine;2008;0;1330509;54;-23;21;42;;;0;0;0;0
Massachusetts;1916;0;3726000;36;-6;;;50;47;;;0;1
Massachusetts;1918;0;3695000;47;5;45;;47;49;0;;1;1
Massachusetts;1924;0;4102000;28;-2;47;50;54;54;0;1;0;0
Massachusetts;1928;0;4217000;25;8;49;47;54;59;0;0;0;0
Massachusetts;1930;1;4250000;50;9;54;49;59;41;1;0;1;0
Massachusetts;1934;0;4305000;51;22;54;54;41;56;1;1;1;1
Massachusetts;1936;1;4355000;51;-8;59;54;56;47;1;1;0;1
Massachusetts;1940;0;4318000;51;13;41;59;47;40;0;1;0;1
Massachusetts;1946;0;4494000;53;-20;47;56;46;51;0;1;1;1
Massachusetts;1948;0;4674000;53;-7;40;47;51;49;0;0;0;1
Massachusetts;1952;0;4650000;55;3;46;40;49;73;0;0;0;1
Massachusetts;1954;0;4910000;45;-2;51;46;73;43;1;0;1;0
Massachusetts;1960;0;5149000;40;-13;73;49;74;39;1;0;0;0
Massachusetts;1964;0;5448000;60;49;43;73;39;62;0;1;0;1
Massachusetts;1966;1;5535000;76;-22;74;43;62;35;1;0;1;1
Massachusetts;1970;0;5689170;63;25;39;74;35;69;0;1;1;0
Massachusetts;1972;0;5760302;63;-29;62;39;69;55;1;0;0;0
Massachusetts;1976;0;5743672;54;40;35;62;55;61;0;1;0;0
Massachusetts;1978;0;5736469;56;10;69;35;61;55;1;0;1;1
Massachusetts;1982;0;5771222;42;23;55;69;55;65;1;1;1;0
Massachusetts;1984;1;5840773;42;10;61;55;65;57;1;1;0;0
Massachusetts;1988;0;5979982;48;31;55;61;57;58;1;1;0;0
Massachusetts;1990;0;6018664;53;14;65;55;58;52;1;1;1;0
Massachusetts;1994;0;6031352;48;17;57;65;52;73;1;1;1;0
Massachusetts;1996;0;6085393;48;7;58;57;73;80;1;1;0;0
Massachusetts;2000;0;6349364;61;58;52;58;80;69;1;1;0;0
Massachusetts;2002;0;6417206;60;60;73;52;69;66;1;1;1;0
Massachusetts;2008;0;6468967;62;35;69;80;;;1;1;0;0
New Hampshire;1918;1;440000;49;-7;45;;42;40;0;;1;1
New Hampshire;1920;0;444000;49;-16;46;45;40;38;0;0;0;1
New Hampshire;1924;0;457000;39;-20;42;46;38;42;0;0;0;0
New Hampshire;1926;0;463000;35;-25;40;42;42;50;0;0;1;0
New Hampshire;1930;0;466000;41;-16;38;40;50;48;0;0;1;0
New Hampshire;1932;0;474000;41;1;42;38;48;46;0;0;0;0
New Hampshire;1936;1;481000;49;-4;50;42;46;45;1;0;0;1
New Hampshire;1938;0;485000;50;-8;48;50;45;49;0;1;1;1
New Hampshire;1942;0;481000;53;-9;46;48;49;41;0;0;1;1
New Hampshire;1944;0;456000;53;-2;45;46;41;38;0;0;0;1
New Hampshire;1948;0;520000;52;-17;49;45;38;40;0;0;0;1
New Hampshire;1954;0;554000;39;-20;38;41;36;40;0;0;1;0
New Hampshire;1956;0;566000;39;-28;40;38;40;40;0;0;0;0
New Hampshire;1962;0;632000;47;-19;40;36;54;41;0;0;1;1
New Hampshire;1966;1;681000;64;8;40;40;41;57;0;0;1;1
New Hampshire;1972;0;781107;44;14;41;54;50;49;0;1;0;0
New Hampshire;1978;0;891520;43;-2;50;57;48;41;1;1;1;1
New Hampshire;1980;1;920610;43;-4;49;50;41;32;0;1;0;1
New Hampshire;1984;0;976864;28;-18;48;49;32;31;0;0;0;0
New Hampshire;1986;0;1025053;31;-31;41;48;31;45;0;0;1;0
New Hampshire;1990;1;1111831;36;-34;32;41;45;46;0;0;1;0
New Hampshire;1992;1;1112766;36;-3;31;32;46;28;0;0;0;0
New Hampshire;1996;0;1160768;39;-3;45;31;28;46;0;0;0;0
New Hampshire;1998;0;1185823;49;-40;46;45;46;34;0;0;1;0
New Hampshire;2002;1;1269089;47;-4;28;46;34;52;0;0;1;0
New Hampshire;2004;0;1290121;47;-32;46;28;52;37;0;0;0;0
New Hampshire;2008;0;1315906;50;6;34;46;37;;0;0;0;0
New Hampshire;2010;1;1316470;54;-23;52;34;;;1;0;1;0
Rhode Island;1916;0;598000;39;9;;;46;52;;;0;1
Rhode Island;1922;0;644000;33;9;46;53;42;49;0;1;1;0
Rhode Island;1924;0;669000;33;-16;52;46;49;49;1;0;0;0
Rhode Island;1928;0;678000;36;-1;42;52;49;57;0;1;0;0
Rhode Island;1930;0;686000;50;-1;49;42;57;49;0;0;1;0
Rhode Island;1934;0;675000;55;14;49;49;49;55;0;0;1;1
Rhode Island;1936;0;686000;55;4;57;49;55;58;1;0;0;1
Rhode Island;1940;0;719000;53;10;49;57;58;55;1;1;0;1
Rhode Island;1942;0;748000;57;16;55;49;55;59;1;1;1;1
Rhode Island;1948;0;787000;59;19;55;58;55;59;1;1;0;1
Rhode Island;1952;0;802000;58;10;59;55;59;64;1;1;0;1
Rhode Island;1954;0;816000;49;19;55;59;64;69;1;1;1;0
Rhode Island;1958;0;858000;42;29;59;55;69;83;1;1;1;0
Rhode Island;1960;1;859000;42;38;64;59;83;68;1;1;0;0
Rhode Island;1964;0;885000;64;65;69;64;68;68;1;1;0;1
Rhode Island;1966;0;899000;81;35;83;69;68;54;1;1;1;1
Rhode Island;1970;0;949723;64;36;68;83;54;42;1;1;1;0
Rhode Island;1972;0;974790;64;8;68;68;42;75;1;1;0;0
Rhode Island;1976;1;946089;47;-16;54;68;75;49;1;1;0;0
Rhode Island;1978;0;951816;55;50;42;54;49;73;0;1;1;1
Rhode Island;1982;0;954170;48;-2;75;42;73;45;1;0;1;0
Rhode Island;1984;0;961894;48;45;49;75;45;62;0;1;0;0
Rhode Island;1988;0;996408;48;-9;73;49;62;35;1;0;0;0
Rhode Island;1990;0;1004649;56;24;45;73;35;63;0;1;1;0
Rhode Island;1996;1;987858;47;28;35;62;41;78;0;1;0;0
Rhode Island;2000;0;1048259;60;-16;63;35;78;53;1;0;0;0
Rhode Island;2002;0;1065995;61;57;41;63;53;73;0;1;1;0
Rhode Island;2006;0;1063096;59;7;78;41;73;;1;0;1;0
Rhode Island;2008;0;1055003;59;47;53;78;;;1;1;0;0
Vermont;1914;0;362000;24;-56;;;23;22;;;1;1
Vermont;1916;0;360000;24;-51;0;;22;32;0;;0;1
Vermont;1922;1;354000;23;-36;22;23;27;28;0;0;1;0
Vermont;1926;0;356000;16;-47;32;22;28;45;0;0;1;0
Vermont;1934;0;357000;41;-3;45;28;34;34;0;0;1;1
Vermont;1944;0;314000;45;-32;34;34;25;22;0;0;0;1
Vermont;1946;1;342000;43;-49;34;34;22;28;0;0;1;1
Vermont;1950;0;378000;37;-56;25;34;28;34;0;0;1;1
Vermont;1952;0;375000;37;-45;22;25;34;48;0;0;0;1
Vermont;1956;0;377000;28;-33;28;22;48;33;0;0;0;0
Vermont;1958;1;380000;28;-4;34;28;33;47;0;0;1;0
Vermont;1962;0;393000;41;-34;48;34;47;0;0;0;1;1
Vermont;1964;0;399000;41;-7;33;48;0;40;0;0;0;1
Vermont;1968;0;430000;66;-100;47;33;40;49;0;0;0;1
Vermont;1974;1;473002;37;3;40;0;45;50;0;0;1;0
Vermont;1976;0;484928;37;-5;49;40;50;47;1;0;0;0
Vermont;1980;1;511456;43;1;45;49;47;63;0;1;0;1
Vermont;1982;0;519109;38;-3;50;45;63;30;1;0;1;0
Vermont;1986;0;534066;41;29;47;50;30;54;0;1;1;0
Vermont;1988;1;549763;41;-38;63;47;54;41;1;0;0;0
Vermont;1992;0;570115;48;11;30;63;41;72;0;1;0;0
Vermont;1994;0;578900;46;-10;54;30;72;25;1;0;1;0
Vermont;1998;0;590579;53;50;41;54;25;71;0;1;1;0
Vermont;2004;0;619920;51;46;25;72;0;64;0;1;0;0
Vermont;2006;1;622892;59;-68;71;25;64;;1;0;1;0
Vermont;2010;0;625741;67;33;0;71;;;0;1;1;0
Delaware;1918;0;220000;48;-3;50;;50;41;1;;1;1
Delaware;1922;0;214000;42;0;48;50;41;39;0;1;1;0
Delaware;1928;0;233000;37;-22;41;50;45;46;0;1;0;0
Delaware;1930;0;239000;34;-9;39;41;46;53;0;0;1;0
Delaware;1934;0;250000;48;-7;45;39;53;51;0;0;1;1
Delaware;1936;0;253000;48;12;46;45;51;45;0;0;0;1
Delaware;1940;0;269000;55;3;53;46;45;45;1;0;0;1
Delaware;1942;1;279000;55;-9;51;53;45;51;1;1;1;1
Delaware;1946;0;299000;54;-10;45;51;51;46;0;1;1;1
Delaware;1948;0;312000;54;3;45;45;46;57;0;0;0;1
Delaware;1952;0;341000;49;-9;51;45;57;47;1;0;0;1
Delaware;1954;0;368000;48;14;46;51;47;49;0;1;1;0
Delaware;1958;0;433000;45;-7;57;46;49;48;1;0;1;0
Delaware;1960;0;446000;45;-1;47;57;48;41;0;1;0;0
Delaware;1966;0;516000;61;-18;48;49;40;50;0;0;1;1
Delaware;1970;1;548104;42;-19;41;48;50;44;0;0;1;0
Delaware;1972;0;572913;42;1;40;41;44;58;0;0;0;0
Delaware;1976;0;590166;39;-12;50;40;58;44;1;0;0;0
Delaware;1978;0;594776;52;17;44;50;44;60;0;1;1;1
Delaware;1982;0;599148;45;-11;58;44;60;38;1;0;1;0
Delaware;1984;0;611565;45;20;44;58;38;63;0;1;0;0
Delaware;1988;0;647622;40;-24;60;44;63;42;1;0;0;0
Delaware;1990;0;669063;43;27;38;60;42;60;0;1;1;0
Delaware;1994;0;708416;44;-13;63;38;60;56;1;0;1;0
Delaware;1996;0;727090;44;22;42;63;56;58;0;1;0;0
Delaware;2000;0;783559;52;12;60;42;58;67;1;0;0;0
Delaware;2002;0;806169;55;17;56;60;67;65;1;1;1;0
Delaware;2006;0;859268;53;40;58;56;65;;1;1;1;0
New Jersey;1916;0;2918000;41;-17;;;43;55;;;0;1
New Jersey;1918;1;3043000;43;-7;39;;55;34;0;;1;1
New Jersey;1922;0;3380000;28;11;43;39;34;42;0;0;1;0
New Jersey;1928;0;3968000;27;-16;34;55;39;58;0;1;0;0
New Jersey;1936;0;4084000;49;11;58;39;44;46;1;0;0;1
New Jersey;1942;0;4297000;51;-7;44;55;40;47;0;1;1;1
New Jersey;1946;0;4492000;50;-18;46;44;47;44;0;0;1;1
New Jersey;1948;1;4774000;50;-3;40;46;44;48;0;0;0;1
New Jersey;1952;0;5125000;46;-12;47;40;48;51;0;0;0;1
New Jersey;1954;1;5360000;42;0;44;47;51;43;0;0;1;0
New Jersey;1958;1;5890000;34;4;48;44;43;62;0;0;1;0
New Jersey;1960;0;6067000;34;-12;51;48;62;37;1;0;0;0
New Jersey;1964;0;6660000;50;25;43;51;37;54;0;1;0;1
New Jersey;1966;0;6851000;66;-23;62;43;54;35;1;0;1;1
New Jersey;1970;0;7171112;44;12;37;62;35;61;0;1;1;0
New Jersey;1972;0;7335042;44;-28;54;37;61;55;1;0;0;0
New Jersey;1976;0;7339745;37;23;35;54;55;51;0;1;0;0
New Jersey;1978;1;7350804;48;12;61;35;51;64;1;0;1;1
New Jersey;1984;0;7515473;39;29;51;55;54;50;1;1;0;0
New Jersey;1988;0;7712333;39;8;64;51;50;50;1;1;0;0
New Jersey;1990;0;7757158;43;3;54;64;50;53;1;1;1;0
New Jersey;1994;0;7918796;43;3;50;54;53;50;1;1;1;0
New Jersey;1996;1;8009624;43;10;50;50;50;54;1;1;0;0
New Jersey;2002;1;8552643;56;10;50;53;53;56;1;1;1;0
New Jersey;2006;0;8661679;53;9;54;50;56;;1;1;1;0
New Jersey;2008;0;8711090;53;14;53;54;;;1;1;0;0
New York;1914;1;9585000;41;-5;;;39;33;;;1;1
New York;1916;1;9848000;41;-15;42;;33;53;0;;0;1
New York;1920;0;282000;45;-19;39;42;53;46;0;0;0;1
New York;1922;0;589000;27;12;33;39;46;49;0;0;1;0
New York;1926;0;1257000;29;4;53;33;49;56;1;0;1;0
New York;1928;0;1599000;29;1;46;53;56;55;1;1;0;0
New York;1932;0;3001000;47;17;49;46;55;54;1;1;0;0
New York;1938;0;3512000;59;10;55;56;53;53;1;1;1;1
New York;1940;0;3456000;59;7;54;55;53;47;1;1;0;1
New York;1946;1;3398000;52;-5;53;53;50;36;1;1;1;1
New York;1950;0;14830000;45;5;47;53;36;47;0;1;1;1
New York;1952;0;15192000;45;-19;50;47;47;48;1;0;0;1
New York;1956;1;16112000;44;-7;36;50;48;40;0;1;0;0
New York;1958;1;16601000;39;-2;47;36;40;53;0;0;1;0
New York;1962;0;17301000;53;-17;48;47;53;33;0;0;1;1
New York;1968;0;18051000;69;-17;53;40;37;38;1;0;0;1
New York;1970;1;18241391;50;-2;33;53;38;54;0;1;1;0
New York;1974;0;18049775;40;-7;37;33;54;44;0;0;1;0
New York;1976;0;17940541;40;9;38;37;44;65;0;0;0;0
New York;1980;1;17558072;52;-1;54;38;65;38;1;0;0;1
New York;1982;0;17589738;44;31;44;54;38;67;0;1;1;0
New York;1986;0;17833419;46;-15;65;44;67;48;1;0;1;0
New York;1988;0;17941309;46;36;38;65;48;55;0;1;0;0
New York;1992;0;18082032;52;-1;67;38;55;55;1;0;0;0
New York;1994;0;18156652;50;14;48;67;55;55;0;1;1;0
New York;1998;0;18159175;59;11;55;48;55;71;1;0;1;0
New York;2000;1;18977026;59;12;55;55;71;67;1;1;0;0
New York;2004;0;19171567;60;47;55;55;67;66;1;1;0;0
New York;2010;0;19378102;63;34;67;71;;;1;1;1;0
Pennsylvania;1914;0;8276000;32;-23;;;37;27;;;1;1
Pennsylvania;1922;0;8982000;27;-26;27;37;43;34;0;0;1;0
Pennsylvania;1928;0;9802000;19;-30;43;30;43;51;0;0;0;0
Pennsylvania;1932;0;9764000;34;-6;34;43;51;44;0;0;0;0
Pennsylvania;1934;0;9795000;45;4;43;34;44;52;0;0;1;1
Pennsylvania;1938;0;9952000;57;-10;51;43;52;50;1;0;1;1
Pennsylvania;1940;0;9896000;57;4;44;51;50;40;0;1;0;1
Pennsylvania;1944;0;9214000;53;1;52;44;40;48;1;0;0;1
Pennsylvania;1946;0;9866000;51;-19;50;52;48;48;1;1;1;1
Pennsylvania;1950;0;10498000;47;-4;40;50;48;50;0;1;1;1
Pennsylvania;1952;0;10503000;47;-4;48;40;50;48;0;0;0;1
Pennsylvania;1956;0;10972000;47;0;48;48;48;51;0;0;0;0
Pennsylvania;1958;1;11058000;43;-3;50;48;51;49;1;0;1;0
Pennsylvania;1962;0;11355000;51;2;48;50;49;46;0;1;1;1
Pennsylvania;1964;0;11519000;51;-1;51;48;46;45;1;0;0;1
Pennsylvania;1968;0;11741000;65;-6;49;51;45;46;0;1;0;1
Pennsylvania;1970;0;11800766;48;-6;46;49;46;47;0;0;1;0
Pennsylvania;1974;0;11870884;39;-7;45;46;47;48;0;0;1;0
Pennsylvania;1976;1;11897378;39;-6;46;45;48;39;0;0;0;0
Pennsylvania;1980;1;11863895;50;-2;47;46;39;43;0;0;0;1
Pennsylvania;1982;0;11845146;42;-20;48;47;43;32;0;0;1;0
Pennsylvania;1986;0;11782752;46;-14;39;48;32;46;0;0;1;0
Pennsylvania;1992;1;11980819;48;-3;32;43;47;35;0;0;0;0
Pennsylvania;1994;0;12042545;45;-2;46;32;35;46;0;0;1;0
Pennsylvania;1998;0;12002329;49;-27;47;46;46;42;0;0;1;0
Pennsylvania;2000;0;12280548;49;-7;35;47;42;59;0;0;0;0
Pennsylvania;2006;0;12510809;51;17;42;46;49;;0;0;1;0
Pennsylvania;2010;1;12702379;55;-2;59;42;;;1;0;1;0
Illinois;1914;1;6109000;35;-2;;;45;27;;;1;1
Illinois;1924;1;7215000;26;-28;27;45;43;64;0;0;0;0
Illinois;1930;1;7644000;42;33;43;35;52;56;0;0;1;0
Illinois;1932;0;7736000;42;6;64;43;56;51;1;0;0;0
Illinois;1938;1;7866000;58;3;56;52;46;53;1;1;1;1
Illinois;1942;0;8057000;51;-7;51;56;53;55;1;1;1;1
Illinois;1944;0;7719000;51;6;46;51;55;46;0;1;0;1
Illinois;1948;0;8552000;52;10;53;46;46;54;1;0;0;1
Illinois;1950;0;8712000;50;-8;55;53;54;46;1;1;1;1
Illinois;1954;0;9252000;45;7;46;55;46;55;0;1;1;0
Illinois;1956;0;9530000;45;-8;54;46;55;47;1;0;0;0
Illinois;1960;0;10081000;40;9;46;54;47;44;0;1;0;0
Illinois;1962;0;10280000;50;-6;55;46;44;47;1;0;1;1
Illinois;1966;0;10836000;59;-11;47;55;47;37;0;1;1;1
Illinois;1972;0;11251948;44;-25;47;44;62;45;0;0;0;0
Illinois;1974;0;11262145;41;25;37;47;45;56;0;0;1;0
Illinois;1978;0;11412561;48;-8;62;37;56;50;1;0;1;1
Illinois;1980;1;11426518;48;14;45;62;50;65;0;1;0;1
Illinois;1984;0;11412132;42;2;56;45;65;65;1;0;0;0
Illinois;1986;0;11387257;43;31;50;56;65;53;1;1;1;0
Illinois;1990;0;11446979;49;30;65;50;53;56;1;1;1;0
Illinois;1992;1;11635197;49;10;65;65;56;47;1;1;0;0
Illinois;1996;1;11953003;49;15;53;65;47;60;1;1;0;0
Illinois;1998;0;12069774;54;-3;56;53;60;70;1;1;1;0
Illinois;2002;0;12525556;55;22;47;56;70;68;0;1;1;0
Illinois;2008;0;12747038;55;39;70;60;46;;1;1;0;0
Illinois;2010;1;12830632;62;-2;68;70;;;1;1;1;0
Indiana;1916;0;2897000;43;-2;42;;41;51;1;;0;1
Indiana;1920;0;2947000;46;-13;46;42;51;49;0;1;0;1
Indiana;1926;0;3148000;39;-1;51;41;44;56;1;0;1;0
Indiana;1928;0;3212000;39;-11;49;51;56;51;0;1;0;0
Indiana;1932;0;3281000;40;13;44;49;51;50;0;0;0;0
Indiana;1934;0;3319000;55;4;56;44;50;49;1;0;1;1
Indiana;1940;0;3433000;57;-1;50;51;49;43;1;1;0;1
Indiana;1944;1;3440000;49;-1;49;50;43;46;0;1;0;1
Indiana;1946;1;3702000;47;-12;49;49;46;47;0;0;1;1
Indiana;1950;0;3934000;49;-6;43;49;47;44;0;0;1;1
Indiana;1952;0;4148000;49;-6;46;43;44;56;0;0;0;1
Indiana;1956;0;4458000;41;-11;47;46;56;50;0;0;0;0
Indiana;1958;1;4583000;40;14;44;47;50;54;0;0;1;0
Indiana;1962;0;4736000;45;1;56;44;54;52;1;0;1;1
Indiana;1964;0;4856000;45;9;50;56;52;50;1;1;0;1
Indiana;1968;0;5093000;56;4;54;50;50;51;1;1;0;1
Indiana;1970;0;5195392;38;0;52;54;51;40;1;1;1;0
Indiana;1974;0;5361890;33;4;50;52;40;46;1;1;1;0
Indiana;1976;0;5389088;33;-18;51;50;46;46;1;1;0;0
Indiana;1980;1;5490224;46;-8;40;51;46;39;0;1;0;1
Indiana;1982;0;5467922;38;-8;46;40;39;32;0;0;1;0
Indiana;1988;0;5491735;38;-36;39;46;41;31;0;0;0;0
Indiana;1992;0;5648649;40;-17;32;39;31;64;0;0;0;0
Indiana;1994;0;5745626;37;-37;41;32;64;32;0;0;1;0
Indiana;1998;1;5907617;42;29;31;41;32;62;0;0;1;0
Indiana;2000;0;6080827;42;-35;64;31;62;0;1;0;0;0
Indiana;2004;0;6233007;41;24;32;64;0;40;0;1;0;0
Indiana;2006;0;6332669;39;-87;62;32;40;;1;0;1;0
Indiana;2010;1;6483802;50;-15;0;62;;;0;1;1;0
Michigan;1916;0;3353000;27;-16;;;48;51;;;0;1
Michigan;1924;0;4214000;22;-50;51;48;28;21;1;0;0;0
Michigan;1928;0;4665000;13;-44;25;51;21;47;0;1;0;0
Michigan;1934;0;4798000;52;-4;21;28;53;47;0;0;1;1
Michigan;1936;1;4889000;52;11;47;21;47;47;0;0;0;1
Michigan;1940;0;5315000;56;-6;53;47;47;32;1;0;0;1
Michigan;1942;0;5549000;50;-2;47;53;32;49;0;1;1;1
Michigan;1948;0;6213000;50;-2;32;47;49;51;0;0;0;1
Michigan;1952;0;6650000;48;-2;49;32;51;54;0;0;0;1
Michigan;1954;0;7066000;44;2;49;49;54;52;0;0;1;0
Michigan;1958;0;7667000;44;7;51;49;52;64;1;0;1;0
Michigan;1964;0;8187000;51;29;52;54;44;67;1;1;0;1
Michigan;1966;0;8512000;67;-12;64;52;67;46;1;1;1;1
Michigan;1970;0;8881826;48;34;44;64;46;52;0;1;1;0
Michigan;1972;0;9028944;48;-6;67;44;52;52;1;0;0;0
Michigan;1976;1;9129205;42;6;46;67;52;58;0;1;0;0
Michigan;1978;0;9217761;46;4;52;46;58;52;1;0;1;1
Michigan;1982;0;9115198;42;17;52;52;52;60;1;1;1;0
Michigan;1984;0;9049452;42;5;58;52;60;57;1;1;0;0
Michigan;1988;0;9217998;40;22;52;58;57;43;1;1;0;0
Michigan;1990;0;9310462;46;16;60;52;43;58;1;1;1;0
Michigan;1994;1;9584481;44;-9;57;60;58;49;1;1;1;0
Michigan;1996;0;9739184;44;18;43;57;49;61;0;1;0;0
Michigan;2000;0;9938823;52;2;58;43;61;57;1;0;0;0
Michigan;2002;0;10015710;51;23;49;58;57;63;1;1;1;0
Michigan;2006;0;10036081;51;16;61;49;63;;1;1;1;0
Michigan;2008;0;9946889;51;29;57;61;;;1;1;0;0
Ohio;1916;0;5366000;41;3;40;;41;48;0;;0;1
Ohio;1920;1;5799000;52;-18;49;40;48;47;1;0;0;1
Ohio;1922;0;6054000;39;-3;41;49;47;39;0;1;1;0
Ohio;1928;0;6608000;24;-22;47;48;52;60;0;0;0;0
Ohio;1932;0;6717000;34;7;39;47;60;46;0;0;0;0
Ohio;1934;0;6751000;50;21;52;39;46;48;1;0;1;1
Ohio;1938;0;6837000;58;-7;60;52;48;50;1;1;1;1
Ohio;1944;0;6918000;52;-1;48;46;42;42;0;0;0;1
Ohio;1946;1;7512000;50;-15;50;48;42;45;0;0;1;1
Ohio;1952;0;8275000;49;-9;42;42;53;52;0;0;0;1
Ohio;1956;0;9207000;43;6;45;42;52;62;0;0;0;0
Ohio;1958;0;9599000;39;5;53;45;62;50;1;0;1;0
Ohio;1962;0;9929000;47;23;52;53;50;48;1;1;1;1
Ohio;1964;0;10080000;47;0;62;52;48;47;1;1;0;1
Ohio;1970;1;10657423;43;-2;48;50;65;50;0;1;1;0
Ohio;1974;1;10765759;38;34;47;48;50;69;0;0;1;0
Ohio;1976;0;10752662;38;3;65;47;69;57;1;0;0;0
Ohio;1980;1;10797630;49;41;50;65;57;62;1;1;0;1
Ohio;1982;0;10757087;41;16;69;50;62;57;1;1;1;0
Ohio;1986;0;10730268;40;25;57;69;57;51;1;1;1;0
Ohio;1988;0;10798552;40;14;62;57;51;39;1;1;0;0
Ohio;1992;0;11007609;44;9;57;62;39;44;1;1;0;0
Ohio;1994;1;11111451;40;-14;51;57;44;36;1;1;1;0
Ohio;1998;1;11237752;47;-13;39;51;36;36;0;1;1;0
Ohio;2000;0;11353336;47;-24;44;39;36;56;0;0;0;0
Ohio;2004;0;11452251;46;-28;36;44;56;39;0;0;0;0
Ohio;2006;0;11481213;49;12;36;36;39;;0;0;1;0
Ohio;2010;1;11536504;52;-17;56;36;;;1;0;1;0
Wisconsin;1916;0;2562000;41;-27;44;;13;0;1;;0;1
Wisconsin;1920;0;2679000;43;-32;32;44;0;12;0;1;0;1
Wisconsin;1926;1;2892000;8;-43;0;13;0;57;0;0;1;0
Wisconsin;1928;0;2923000;8;-86;12;0;57;24;0;0;0;0
Wisconsin;1932;1;3021000;44;21;0;12;24;25;0;0;0;0
Wisconsin;1934;0;3054000;63;-29;57;0;25;13;1;0;1;1
Wisconsin;1938;0;3098000;64;-23;24;57;13;43;0;1;1;1
Wisconsin;1940;0;3143000;64;-32;25;24;43;37;0;0;0;1
Wisconsin;1944;0;2980000;50;-8;13;25;37;46;0;0;0;1
Wisconsin;1946;1;3167000;49;-24;43;13;46;46;0;0;1;1
Wisconsin;1950;0;3435000;51;-7;37;43;46;41;0;0;1;1
Wisconsin;1956;0;3742000;39;-17;46;46;57;53;0;0;0;0
Wisconsin;1958;0;3843000;38;14;41;46;53;53;0;0;1;0
Wisconsin;1962;0;4049000;48;5;57;41;53;62;1;0;1;1
Wisconsin;1964;0;4165000;48;7;53;57;62;71;1;1;0;1
Wisconsin;1968;0;4345000;62;23;53;53;71;62;1;1;0;1
Wisconsin;1970;0;4417821;44;42;62;53;62;72;1;1;1;0
Wisconsin;1974;0;4545782;44;26;71;62;72;48;1;1;1;0
Wisconsin;1976;0;4595904;44;45;62;71;48;64;1;1;0;0
Wisconsin;1980;1;4705767;49;-2;72;62;64;47;1;1;0;1
Wisconsin;1982;0;4728870;43;30;48;72;47;52;0;1;1;0
Wisconsin;1986;0;4755618;45;-3;64;48;52;53;1;0;1;0
Wisconsin;1988;1;4822388;45;5;47;64;53;58;0;1;0;0
Wisconsin;1992;0;5004636;51;7;52;47;58;51;1;0;0;0
Wisconsin;1994;0;5095504;41;18;53;52;51;62;1;1;1;0
Wisconsin;1998;0;5222124;49;2;58;53;62;55;1;1;1;0
Wisconsin;2000;0;5363757;49;25;51;58;55;67;1;1;0;0
Wisconsin;2004;0;5514026;48;11;62;51;67;47;1;1;0;0
Wisconsin;2006;0;5577655;50;38;55;62;47;;1;1;1;0
Wisconsin;2010;0;5686986;56;-5;67;55;;;1;1;1;0
Iowa;1914;0;2338000;38;-9;;;35;37;;;1;1
Iowa;1926;1;2432000;16;-13;50;37;43;55;0;0;1;0
Iowa;1930;0;2475000;38;-13;43;50;55;50;0;0;1;0
Iowa;1936;0;2509000;58;3;55;43;50;42;1;0;0;1
Iowa;1938;0;2494000;54;0;50;55;42;48;1;1;1;1
Iowa;1942;0;2439000;48;-16;50;50;48;58;1;1;1;1
Iowa;1944;0;2301000;48;-3;42;50;58;45;0;1;0;1
Iowa;1948;0;2543000;47;16;48;42;45;48;0;0;0;1
Iowa;1950;0;2621000;50;-10;58;48;48;46;1;0;1;1
Iowa;1954;0;2626000;36;-5;45;58;46;48;0;1;1;0
Iowa;1956;0;2703000;36;-8;48;45;48;47;0;0;0;0
Iowa;1960;1;2758000;41;-4;46;48;47;38;0;0;0;0
Iowa;1962;0;2750000;43;-7;48;46;38;50;0;0;1;1
Iowa;1966;0;2762000;62;-23;47;48;50;55;0;0;1;1
Iowa;1968;1;2803000;62;1;38;47;55;52;0;0;0;1
Iowa;1972;0;2860287;41;11;50;38;52;48;1;0;0;0
Iowa;1974;1;2867530;40;5;55;50;48;46;1;1;1;0
Iowa;1978;0;2918069;48;-3;52;55;46;55;1;1;1;1
Iowa;1980;1;2913808;48;-8;48;52;55;34;0;1;0;1
Iowa;1984;0;2858618;39;12;46;48;34;54;0;0;0;0
Iowa;1986;0;2791970;46;-32;55;46;54;27;1;0;1;0
Iowa;1990;0;2779769;55;9;34;55;27;52;0;1;1;0
Iowa;1992;0;2806923;55;-42;54;34;52;30;1;0;0;0
Iowa;1996;0;2848473;43;5;27;54;30;54;0;1;0;0
Iowa;1998;0;2861025;50;-38;52;27;54;28;1;0;1;0
Iowa;2002;0;2934234;49;10;30;52;28;63;0;1;1;0
Iowa;2004;0;2953635;49;-42;54;30;63;33;1;0;0;0
Iowa;2008;0;3016734;49;25;28;54;33;;0;1;0;0
Iowa;2010;0;3046355;54;-31;63;28;;;1;0;1;0
Kansas;1914;1;1662000;39;-1;;;34;33;;;1;1
Kansas;1918;0;1729000;50;-30;35;;33;25;0;;1;1
Kansas;1920;0;1769000;50;-31;34;35;25;35;0;0;0;1
Kansas;1924;0;1807000;33;-45;33;34;35;39;0;0;0;0
Kansas;1930;0;1883000;27;-22;35;25;46;48;0;0;1;0
Kansas;1932;0;1883000;27;4;39;35;48;44;0;0;0;0
Kansas;1936;0;1869000;54;-3;46;39;44;40;1;0;0;1
Kansas;1938;0;1842000;54;-12;48;46;40;41;0;1;1;1
Kansas;1942;0;1760000;42;-17;44;48;41;43;0;0;1;1
Kansas;1948;1;1892000;39;-12;41;40;44;42;0;0;0;1
Kansas;1950;0;1905000;45;-10;43;41;42;40;0;0;1;1
Kansas;1954;0;2042000;30;-14;44;43;40;44;0;0;1;0
Kansas;1956;0;2119000;30;-17;42;44;44;36;0;0;0;0
Kansas;1962;0;2231000;39;-26;44;40;45;39;0;0;1;1
Kansas;1966;0;2200000;54;-7;36;44;39;22;0;0;1;1
Kansas;1968;1;2216000;54;-21;45;36;22;49;0;0;0;1
Kansas;1972;0;2256375;35;-51;39;45;49;42;0;0;0;0
Kansas;1974;0;2269499;30;-2;22;39;42;36;0;0;1;0
Kansas;1978;1;2335657;45;-11;49;22;36;21;0;0;1;1
Kansas;1980;1;2363679;45;-28;42;49;21;30;0;0;0;1
Kansas;1984;0;2424086;33;-55;36;42;30;26;0;0;0;0
Kansas;1986;0;2432619;33;-40;21;36;26;31;0;0;1;0
Kansas;1990;0;2480683;43;-47;30;21;31;34;0;0;1;0
Kansas;1996;1;2598266;34;-28;31;26;32;0;0;0;0;0
Kansas;1998;0;2638667;36;-34;34;31;0;27;0;0;1;0
Kansas;2002;0;2713535;37;-83;32;34;27;36;0;0;1;0
Kansas;2004;0;2734373;37;-42;0;32;36;26;0;0;0;0
Kansas;2008;0;2808076;37;-24;27;0;26;;0;0;0;0
Kansas;2010;1;2853118;42;-44;36;27;;;0;0;1;0
Minnesota;1916;1;2308000;32;-18;;;0;18;;;0;1
Minnesota;1922;0;2451000;19;-29;0;31;6;0;0;0;1;0
Minnesota;1924;0;2521000;19;-41;18;0;0;36;0;0;0;0
Minnesota;1928;0;2592000;7;-66;6;18;36;29;0;0;0;0
Minnesota;1934;0;2695000;60;-22;36;0;0;21;0;0;1;1
Minnesota;1940;0;2790000;62;-32;0;29;10;40;0;0;0;1
Minnesota;1942;0;2662000;51;-37;21;0;40;60;0;0;1;1
Minnesota;1946;1;2734000;0;-19;10;21;60;43;0;0;1;1
Minnesota;1948;0;2868000;0;20;40;10;43;56;0;0;0;1
Minnesota;1952;0;3030000;0;-14;60;40;56;53;1;0;0;1
Minnesota;1954;0;3113000;0;14;43;60;53;58;0;1;1;0
Minnesota;1958;0;3313000;0;6;56;43;58;60;1;0;1;0
Minnesota;1964;0;3558000;0;21;58;53;54;58;1;1;0;1
Minnesota;1966;1;3617000;0;9;60;58;58;57;1;1;1;1
Minnesota;1970;1;3806103;0;16;54;60;57;68;1;1;1;0
Minnesota;1978;1;4015341;0;-19;68;57;47;41;1;1;1;1
Minnesota;1982;0;4131450;0;-7;40;68;41;41;0;1;1;0
Minnesota;1984;0;4157706;0;-17;47;40;41;50;0;0;0;0
Minnesota;1988;0;4296166;50;-18;41;47;50;44;0;0;0;0
Minnesota;1990;0;4387283;0;1;41;41;44;50;0;0;1;0
Minnesota;1994;1;4566028;43;-5;50;41;50;49;1;0;1;0
Minnesota;2000;0;4919631;51;6;50;44;47;58;1;0;0;0
Minnesota;2002;1;5018935;48;-2;49;50;58;42;1;1;1;0
Minnesota;2006;1;5163555;51;20;47;49;42;;0;1;1;0
Minnesota;2008;0;5247018;51;0;58;47;;;1;0;0;0
Missouri;1916;0;3527000;47;3;50;;44;51;1;;0;1
Missouri;1922;0;3437000;43;4;44;51;51;48;0;1;1;0
Missouri;1928;1;3601000;44;-4;51;51;63;60;1;1;0;0
Missouri;1932;1;3746000;44;27;48;51;60;61;0;1;0;0
Missouri;1934;0;3784000;64;20;63;48;61;51;1;0;1;1
Missouri;1938;0;3781000;61;22;60;63;51;50;1;1;1;1
Missouri;1944;1;3560000;52;0;51;61;47;54;1;1;0;1
Missouri;1946;1;3746000;51;-6;50;51;54;54;0;1;1;1
Missouri;1950;0;3955000;58;7;47;50;54;56;0;0;1;1
Missouri;1952;0;3972000;58;8;54;47;56;66;1;0;0;1
Missouri;1958;0;4186000;50;33;56;54;55;67;1;1;1;0
Missouri;1962;0;4357000;50;9;66;56;67;51;1;1;1;1
Missouri;1964;0;4442000;50;33;55;66;51;51;1;1;0;1
Missouri;1968;1;4568000;64;2;67;55;51;60;1;1;0;1
Missouri;1970;0;4677623;44;3;51;67;60;42;1;1;1;0
Missouri;1974;0;4795930;38;21;51;51;42;52;1;1;1;0
Missouri;1976;1;4839029;38;-14;60;51;52;49;1;1;0;0
Missouri;1980;1;4916686;51;4;42;60;49;47;0;1;0;1
Missouri;1982;0;4929451;44;-2;52;42;47;32;1;0;1;0
Missouri;1986;1;5023068;40;-5;49;52;32;45;0;1;1;0
Missouri;1988;0;5081736;40;-36;47;49;45;36;0;0;0;0
Missouri;1992;0;5193686;48;-7;32;47;36;44;0;0;0;0
Missouri;1994;1;5281206;44;-24;45;32;44;50;0;0;1;0
Missouri;1998;0;5437562;48;-9;36;45;50;43;0;0;1;0
Missouri;2004;0;5747741;47;-13;50;44;50;39;1;0;0;0
Missouri;2006;0;5842704;46;2;43;50;39;;0;1;1;0
Missouri;2010;1;5988927;49;-16;50;43;;;1;0;1;0
Nebraska;1916;0;1275000;0;4;;;45;38;;;0;1
Nebraska;1918;1;1266000;55;-9;50;;38;38;1;;1;1
Nebraska;1922;0;1312000;31;-19;45;50;38;39;0;1;1;0
Nebraska;1924;0;1333000;31;-25;38;45;39;40;0;0;0;0
Nebraska;1930;0;1380000;36;-17;39;38;55;18;0;0;1;0
Nebraska;1934;1;1382000;63;12;40;39;18;41;0;0;1;1
Nebraska;1936;0;1358000;63;-25;55;40;41;22;1;0;0;1
Nebraska;1940;1;1316000;57;-16;18;55;22;29;0;1;0;1
Nebraska;1942;0;1239000;43;-27;41;18;29;43;0;0;1;1
Nebraska;1946;0;1256000;41;-42;22;41;43;28;0;0;1;1
Nebraska;1954;1;1340000;31;-22;28;43;44;41;0;0;1;0
Nebraska;1958;0;1383000;34;-11;39;28;41;39;0;0;1;0
Nebraska;1960;0;1411000;34;-18;44;39;39;39;0;0;0;0
Nebraska;1964;0;1482000;38;-23;41;44;39;47;0;0;0;1
Nebraska;1966;0;1456000;53;-22;39;41;47;47;0;0;1;1
Nebraska;1970;0;1485333;32;-5;39;39;47;53;0;0;1;0
Nebraska;1972;0;1519013;32;-6;47;39;53;68;0;0;0;0
Nebraska;1976;1;1550911;29;6;47;47;68;67;0;0;0;0
Nebraska;1978;1;1563884;38;35;53;47;67;52;1;0;1;1
Nebraska;1984;0;1588639;26;4;67;68;57;59;1;1;0;0
Nebraska;1988;1;1571477;29;15;52;67;59;55;1;1;0;0
Nebraska;1990;0;1580664;39;18;57;52;55;42;1;1;1;0
Nebraska;1994;0;1621551;29;10;59;57;42;51;1;1;1;0
Nebraska;1996;1;1647657;29;-14;55;59;51;15;1;1;0;0
Nebraska;2000;1;1711230;35;2;42;55;15;64;0;1;0;0
Nebraska;2002;0;1728292;33;-68;51;42;64;40;1;0;1;0
Nebraska;2006;0;1772693;33;28;15;51;40;;0;1;1;0
Nebraska;2008;0;1796378;33;-17;64;15;;;1;0;0;0
North Dakota;1914;0;620000;34;-22;;;38;0;;;1;1
North Dakota;1916;0;652000;34;-16;34;;0;48;0;;0;1
North Dakota;1922;1;647000;18;-5;0;38;9;19;0;0;1;0
North Dakota;1926;0;651000;7;-64;48;0;19;27;0;0;1;0
North Dakota;1928;0;665000;7;-60;9;48;27;40;0;0;0;0
North Dakota;1932;0;676000;44;-45;19;9;40;7;0;0;0;0
North Dakota;1934;0;672000;70;-18;27;19;7;26;0;0;1;1
North Dakota;1938;0;647000;60;-43;40;27;26;45;0;0;1;1
North Dakota;1940;1;640000;60;-12;7;40;45;23;0;0;0;1
North Dakota;1946;0;570000;45;-30;45;26;32;23;1;0;1;1
North Dakota;1950;0;620000;43;-35;23;45;23;36;0;1;1;1
North Dakota;1952;0;608000;43;-43;32;23;36;41;0;0;0;1
North Dakota;1956;0;613000;28;-28;23;32;41;39;0;0;0;0
North Dakota;1962;0;637000;45;-21;41;36;58;34;0;0;1;1
North Dakota;1964;0;649000;45;15;39;41;34;61;0;0;0;1
North Dakota;1968;0;621000;58;-31;58;39;61;48;1;0;0;1
North Dakota;1970;0;617792;38;23;34;58;48;62;0;1;1;0
North Dakota;1974;0;634559;36;0;61;34;62;29;1;0;1;0
North Dakota;1976;0;645797;36;26;48;61;29;63;0;1;0;0
North Dakota;1980;1;652717;46;-41;62;48;63;50;1;0;0;1
North Dakota;1982;0;668972;26;29;29;62;50;59;0;1;1;0
North Dakota;1992;1;635427;43;20;59;50;58;63;1;1;0;0
North Dakota;1994;0;639762;32;16;59;59;63;61;1;1;1;0
North Dakota;1998;0;637808;40;28;58;59;61;68;1;1;1;0
North Dakota;2000;0;642237;40;23;63;58;68;69;1;1;0;0
North Dakota;2004;0;644705;33;37;61;63;69;22;1;1;0;0
North Dakota;2006;0;649422;35;39;68;61;22;;1;1;1;0
North Dakota;2010;1;672591;45;-54;69;68;;;1;1;1;0
South Dakota;1914;1;581000;42;3;;;39;20;;;1;1
South Dakota;1918;1;570000;46;-16;48;;20;31;1;;1;1
South Dakota;1920;1;640000;46;-30;39;48;31;33;0;1;0;1
South Dakota;1924;1;673000;20;-13;20;39;33;52;0;0;0;0
South Dakota;1926;0;683000;13;-26;31;20;52;45;0;0;1;0
South Dakota;1930;0;693000;39;3;33;31;45;49;0;0;1;0
South Dakota;1936;0;666000;64;2;45;52;48;41;0;1;0;1
South Dakota;1938;1;649000;54;-5;49;45;41;36;1;0;1;1
South Dakota;1944;0;565000;43;-28;41;48;41;36;0;0;0;1
South Dakota;1948;1;612000;42;-19;36;41;36;43;0;0;0;1
South Dakota;1950;1;653000;47;-28;41;36;43;49;0;0;1;1
South Dakota;1954;0;655000;31;-15;36;41;49;48;0;0;1;0
South Dakota;1960;0;681000;42;-5;49;43;50;34;0;0;0;0
South Dakota;1962;0;705000;42;0;48;49;34;57;0;0;1;1
South Dakota;1966;0;683000;56;-33;50;48;57;57;1;0;1;1
South Dakota;1968;0;669000;56;14;34;50;57;53;0;1;0;1
South Dakota;1972;1;677234;42;14;57;34;53;33;1;0;0;0
South Dakota;1974;0;679585;46;6;57;57;33;39;1;1;1;0
South Dakota;1978;1;688580;49;-34;53;57;39;26;1;1;1;1
South Dakota;1980;1;690768;49;-19;33;53;26;52;0;1;0;1
South Dakota;1984;0;697249;32;-49;39;33;52;45;0;0;0;0
South Dakota;1986;0;696034;37;3;26;39;45;65;0;0;1;0
South Dakota;1990;0;696667;47;-7;52;26;65;51;1;0;1;0
South Dakota;1992;0;708698;47;32;45;52;51;62;0;1;0;0
South Dakota;1996;0;730699;37;3;65;45;62;50;1;0;0;0
South Dakota;1998;0;730789;43;26;51;65;50;49;1;1;1;0
South Dakota;2002;0;760020;38;0;62;51;49;62;1;1;1;0
South Dakota;2004;0;770396;38;-1;50;62;62;0;1;1;0;0
South Dakota;2008;0;799124;38;25;49;50;0;;0;1;0;0
South Dakota;2010;0;814180;45;-100;62;49;;;1;0;1;0
Virginia;1916;0;2316000;66;100;;;100;72;;;0;1
Virginia;1922;0;2412000;61;45;100;100;73;100;1;1;1;0
Virginia;1924;0;2426000;61;49;72;100;100;77;1;1;0;0
Virginia;1930;0;2427000;46;53;100;73;76;92;1;1;1;0
Virginia;1934;0;2485000;68;55;77;100;92;93;1;1;1;1
Virginia;1936;0;2552000;68;87;76;77;93;91;1;1;0;1
Virginia;1940;0;2720000;70;87;92;76;91;65;1;1;0;1
Virginia;1946;0;3212000;62;34;91;93;66;73;1;1;1;1
Virginia;1948;0;3207000;62;35;65;91;73;80;1;1;0;1
Virginia;1952;0;3504000;48;47;66;65;80;69;1;1;0;1
Virginia;1954;0;3555000;43;60;73;66;69;81;1;1;1;0
Virginia;1958;0;3914000;38;39;80;73;81;64;1;1;1;0
Virginia;1966;0;4456000;54;25;64;81;31;46;1;1;1;1
Virginia;1970;0;4651448;33;-22;59;64;46;38;1;1;1;0
Virginia;1972;0;4824472;33;-5;31;59;38;50;0;1;0;0
Virginia;1976;0;5121863;30;-23;46;31;50;49;0;0;0;0
Virginia;1978;1;5270240;48;0;38;46;49;30;0;0;1;1
Virginia;1982;1;5492783;40;-2;50;38;30;71;0;0;1;0
Virginia;1984;0;5643870;40;-40;49;50;71;0;0;0;0;0
Virginia;1988;1;6036909;37;43;30;49;0;46;0;0;0;0
Virginia;1990;0;6213526;39;-81;71;30;46;47;1;0;1;0
Virginia;1994;0;6536771;41;3;0;71;47;48;0;1;1;0
Virginia;1996;0;6665491;41;-5;46;0;48;0;1;0;0;0
Virginia;2000;0;7079057;45;-5;47;46;0;50;0;1;0;0
Virginia;2002;0;7286873;44;-83;48;47;50;65;0;0;1;0
Virginia;2006;0;7673725;45;0;0;48;65;;0;0;1;0
Virginia;2008;1;7833496;45;31;50;0;;;1;0;0;0
Alabama;1914;1;2336000;70;63;;;100;68;;;1;1
Alabama;1920;0;2359000;76;37;100;78;75;81;1;1;0;1
Alabama;1924;0;2501000;67;50;68;100;81;60;1;1;0;0
Alabama;1926;1;2567000;70;62;75;68;60;86;1;1;1;0
Alabama;1930;0;2647000;51;19;81;75;86;87;1;1;1;0
Alabama;1936;0;2743000;85;75;86;60;86;100;1;1;0;1
Alabama;1938;;2787000;86;73;87;86;100;82;1;1;1;1
Alabama;1944;0;2802000;85;65;100;86;84;77;1;1;0;1
Alabama;1948;0;2969000;81;68;82;100;77;82;1;1;0;1
Alabama;1950;0;3062000;44;53;84;82;82;100;1;1;1;1
Alabama;1954;0;3014000;65;65;77;84;100;70;1;1;1;0
Alabama;1956;0;3071000;65;100;82;77;70;51;1;1;0;0
Alabama;1960;0;3267000;56;40;100;82;51;60;1;1;0;0
Alabama;1962;0;3323000;57;2;70;100;60;70;1;1;1;1
Alabama;1966;0;3464000;0;21;51;70;70;62;1;1;1;1
Alabama;1968;1;3446000;0;48;60;51;62;96;1;1;0;1
Alabama;1972;0;3539400;66;29;70;60;96;94;1;1;0;0
Alabama;1974;0;3626499;26;92;62;70;94;47;1;1;1;0
Alabama;1978;1;3831836;56;88;96;62;47;63;1;1;1;1
Alabama;1980;1;3893888;56;-3;94;96;63;50;1;1;0;1
Alabama;1984;0;3951820;47;26;47;94;50;61;0;1;0;0
Alabama;1986;0;3991569;38;1;63;47;61;65;1;0;1;0
Alabama;1990;0;4048508;40;21;50;63;65;45;1;1;1;0
Alabama;1996;1;4290403;41;-7;65;61;37;40;1;1;0;0
Alabama;1998;0;4351037;43;-27;45;65;40;32;0;1;1;0
Alabama;2002;0;4480089;42;-19;37;45;32;37;0;0;1;0
Alabama;2004;0;4530729;42;-35;40;37;37;35;0;0;0;0
Alabama;2008;0;4718206;37;-27;32;40;35;;0;0;0;0
Alabama;2010;0;4779736;39;-30;37;32;;;0;0;1;0
Arkansas;1918;0;1749000;66;100;;;66;74;;;1;1
Arkansas;1920;1;1756000;66;32;100;;74;83;1;;0;1
Arkansas;1924;;1800000;58;47;66;100;83;100;1;1;0;0
Arkansas;1930;0;1859000;60;100;83;74;89;82;1;1;1;0
Arkansas;1932;0;1836000;60;79;100;83;82;90;1;1;0;0
Arkansas;1938;0;1928000;82;79;82;89;100;85;1;1;1;1
Arkansas;1942;1;1977000;78;100;90;82;85;93;1;1;1;1
Arkansas;1944;1;1768000;78;70;100;90;93;100;1;1;0;1
Arkansas;1948;0;1825000;70;87;85;100;100;100;1;1;0;1
Arkansas;1950;0;1910000;62;100;93;85;100;83;1;1;1;1
Arkansas;1954;0;1734000;56;100;100;93;83;100;1;1;1;0
Arkansas;1956;0;1704000;56;66;100;100;100;69;1;1;0;0
Arkansas;1960;;1786000;52;100;83;100;69;100;1;1;0;0
Arkansas;1962;0;1853000;51;37;100;83;100;59;1;1;1;1
Arkansas;1966;;1899000;56;100;69;100;59;61;1;1;1;1
Arkansas;1968;0;1902000;56;18;100;69;61;85;1;1;0;1
Arkansas;1974;1;2101403;31;70;61;59;77;59;1;1;1;0
Arkansas;1978;1;2243127;65;60;85;61;59;57;1;1;1;1
Arkansas;1980;1;2286435;65;18;77;85;57;62;1;1;0;1
Arkansas;1984;0;2319768;48;15;59;77;62;100;1;1;0;0
Arkansas;1986;0;2331984;39;25;57;59;100;60;1;1;1;0
Arkansas;1990;0;2354343;42;100;62;57;60;47;1;1;1;0
Arkansas;1992;1;2394098;42;20;100;62;47;55;1;1;0;0
Arkansas;1996;1;2504858;53;-5;60;100;55;54;1;1;0;0
Arkansas;1998;1;2538202;54;13;47;60;54;56;0;1;1;0
Arkansas;2002;0;2705927;46;8;55;47;56;80;1;0;1;0
Arkansas;2004;0;2749686;46;12;54;55;80;37;1;1;0;0
Arkansas;2008;0;2874554;45;59;56;54;37;;1;1;0;0
Arkansas;2010;0;2915918;39;-21;80;56;;;1;1;1;0
Florida;1914;0;871000;70;99;;;83;74;;;1;1
Florida;1916;1;924000;70;70;100;;74;88;1;;0;1
Florida;1920;0;962000;69;53;83;100;88;78;1;1;0;1
Florida;1922;0;1044000;47;76;74;83;78;69;1;1;1;0
Florida;1926;0;1368000;57;65;88;74;69;100;1;1;1;0
Florida;1928;0;1433000;57;37;78;88;100;100;1;1;0;0
Florida;1938;0;1771000;76;65;100;100;100;71;1;1;1;1
Florida;1944;0;2420000;74;43;100;82;79;76;1;1;0;1
Florida;1950;1;2771000;49;53;79;71;100;100;1;1;1;1
Florida;1952;0;3157000;49;100;76;79;100;71;1;1;0;1
Florida;1956;0;4047000;45;100;100;76;71;70;1;1;0;0
Florida;1958;0;4630000;43;42;100;100;70;64;1;1;1;0
Florida;1962;0;5458000;48;40;71;100;64;44;1;1;1;1
Florida;1964;0;5781000;48;28;70;71;44;54;1;1;0;1
Florida;1968;1;6433000;51;-12;64;70;54;43;1;1;0;1
Florida;1970;1;6791418;31;8;44;64;43;63;0;1;1;0
Florida;1974;1;8298762;28;2;54;44;63;48;1;0;1;0
Florida;1976;0;8667379;28;26;43;54;48;62;1;1;0;0
Florida;1980;1;9746324;52;-3;63;43;62;55;1;1;0;1
Florida;1982;;10471407;39;23;48;63;55;50;0;1;1;0
Florida;1986;0;11667505;35;9;62;48;50;65;1;0;1;0
Florida;1988;1;12306395;35;-1;55;62;65;29;1;1;0;0
Florida;1992;0;13504775;39;31;50;55;29;62;0;1;0;0
Florida;1994;0;13961798;39;-41;65;50;62;51;1;0;1;0
Florida;1998;0;14908230;48;25;29;65;51;48;0;1;1;0
Florida;2000;1;15982571;48;5;62;29;48;60;1;0;0;0
Florida;2006;0;18166990;47;22;48;51;29;;0;1;1;0
Florida;2010;1;18801310;51;-41;60;48;;;1;0;1;0
Georgia;1914;0;2776000;77;37;;;88;95;;;1;1
Georgia;1918;1;2941000;80;77;68;;95;100;1;;1;1
Georgia;1924;;2920000;71;100;95;88;100;100;1;1;0;0
Georgia;1926;0;2869000;74;100;100;95;100;93;1;1;1;0
Georgia;1932;0;2935000;57;86;100;100;100;95;1;1;0;0
Georgia;1936;0;2978000;92;100;93;100;95;97;1;1;0;1
Georgia;1938;0;3091000;87;90;100;93;97;100;1;1;1;1
Georgia;1942;0;3209000;85;94;95;100;100;100;1;1;1;1
Georgia;1944;0;3176000;85;100;97;95;100;100;1;1;0;1
Georgia;1948;0;3259000;82;100;100;97;100;100;1;1;0;1
Georgia;1950;0;3445000;61;100;100;100;100;100;1;1;1;1
Georgia;1954;0;3602000;70;100;100;100;100;100;1;1;1;0
Georgia;1956;1;3701000;70;100;100;100;100;100;1;1;0;0
Georgia;1960;0;3943000;66;100;100;100;100;100;1;1;0;0
Georgia;1962;0;4086000;63;100;100;100;100;78;1;1;1;1
Georgia;1968;0;4482000;46;55;100;100;54;72;1;1;0;1
Georgia;1972;0;4809490;27;8;78;100;72;83;1;1;0;0
Georgia;1974;0;4999419;25;44;54;78;83;49;1;1;1;0
Georgia;1978;0;5295751;67;66;72;54;49;80;1;1;1;1
Georgia;1980;1;5463105;67;-2;83;72;80;51;1;1;0;1
Georgia;1984;0;5834954;56;60;49;83;51;100;0;1;0;0
Georgia;1986;0;6084666;40;2;80;49;100;49;1;0;1;0
Georgia;1990;0;6506531;39;100;51;80;49;49;1;1;1;0
Georgia;1992;0;6759474;39;-1;100;51;49;45;1;1;0;0
Georgia;1996;1;7332225;43;1;49;100;45;46;0;1;0;0
Georgia;2002;1;8508256;43;-7;45;49;40;43;0;1;1;0
Georgia;2004;1;8769252;43;-18;46;45;43;39;0;0;0;0
Georgia;2008;0;9504843;41;-15;40;46;39;;0;0;0;0
Georgia;2010;0;9687653;47;-19;43;40;;;0;0;1;0
Louisiana;1920;;1813000;86;100;100;;100;100;1;;0;1
Louisiana;1924;0;1939000;69;100;100;100;100;100;1;1;0;0
Louisiana;1926;0;2005000;76;100;100;100;100;100;1;1;1;0
Louisiana;1932;1;2155000;76;100;100;100;100;100;1;1;0;0
Louisiana;1936;1;2246000;93;100;100;100;100;100;1;1;0;1
Louisiana;1938;0;2285000;89;100;100;100;100;100;1;1;1;1
Louisiana;1942;0;2546000;86;100;100;100;100;100;1;1;1;1
Louisiana;1948;0;2596000;81;100;100;100;88;100;1;1;0;1
Louisiana;1950;0;2684000;33;75;100;100;100;100;1;1;1;1
Louisiana;1954;0;2883000;53;100;88;100;100;80;1;1;1;0
Louisiana;1956;0;3032000;53;100;100;88;80;76;1;1;0;0
Louisiana;1960;0;3257000;40;60;100;100;76;100;1;1;0;0
Louisiana;1962;0;3345000;50;51;80;100;100;100;1;1;1;1
Louisiana;1968;0;3603000;43;100;100;76;55;100;1;1;0;1
Louisiana;1972;1;3761646;28;29;100;100;100;100;1;1;0;0
Louisiana;1974;0;3820109;30;100;55;100;100;58;1;1;1;0
Louisiana;1978;;4068579;52;100;100;55;58;86;1;1;1;1
Louisiana;1980;1;4205900;52;17;100;100;86;53;1;1;0;1
Louisiana;1984;0;4400477;46;77;58;100;53;54;1;1;0;0
Louisiana;1986;1;4406919;38;6;86;58;54;73;1;1;1;0
Louisiana;1990;0;4219179;44;10;53;86;73;50;1;1;1;0
Louisiana;1992;0;4270849;44;54;54;53;50;64;1;1;0;0
Louisiana;1996;1;4338763;46;0;73;54;64;52;1;1;0;0
Louisiana;1998;0;4362758;52;32;50;73;52;29;1;1;1;0
Louisiana;2002;0;4497267;45;3;64;50;29;52;1;1;1;0
Louisiana;2004;1;4552238;45;-22;52;64;52;38;1;1;0;0
Louisiana;2008;0;4435586;42;6;29;52;38;;0;1;0;0
Louisiana;2010;0;4533372;40;-19;52;29;;;1;0;1;0
Mississippi;1916;1;1823000;89;100;;;95;93;;;0;1
Mississippi;1918;1;1813000;93;90;100;;93;100;1;;1;1
Mississippi;1922;1;1836000;84;88;95;100;100;100;1;1;1;0
Mississippi;1924;1;1886000;84;100;93;95;100;100;1;1;0;0
Mississippi;1928;1;1981000;89;100;100;93;100;100;1;1;0;0
Mississippi;1930;1;2006000;82;100;100;100;100;100;1;1;1;0
Mississippi;1934;1;2050000;96;100;100;100;100;100;1;1;1;1
Mississippi;1940;1;2176000;97;100;100;100;100;100;1;1;0;1
Mississippi;1942;1;2210000;96;100;100;100;100;100;1;1;1;1
Mississippi;1948;1;2076000;0;100;100;100;100;96;1;1;0;1
Mississippi;1952;1;2152000;0;100;100;100;96;100;1;1;0;1
Mississippi;1954;1;2064000;0;91;100;100;100;92;1;1;1;0
Mississippi;1958;1;2086000;0;100;96;100;92;100;1;1;1;0
Mississippi;1960;1;2178000;0;84;100;96;100;65;1;1;0;0
Mississippi;1964;1;2241000;36;100;92;100;65;88;1;1;0;1
Mississippi;1966;1;2245000;0;39;100;92;88;58;1;1;1;1
Mississippi;1970;1;2216994;0;77;65;100;58;100;1;1;1;0
Mississippi;1972;1;2307117;0;19;88;65;100;32;1;1;0;0
Mississippi;1976;1;2429756;20;100;58;88;32;64;1;1;0;0
Mississippi;1978;1;2487816;50;-13;100;58;64;39;1;1;1;1
Mississippi;1982;1;2556777;48;28;32;100;39;46;0;1;1;0
Mississippi;1984;1;2578051;48;-22;64;32;46;0;1;0;0;0
Mississippi;1988;1;2580352;37;-8;39;64;0;31;0;1;0;0
Mississippi;1990;0;2577426;39;-100;46;39;31;27;0;0;1;0
Mississippi;1994;0;2663450;41;-38;0;46;27;32;0;0;1;0
Mississippi;1996;0;2709925;41;-44;31;0;32;0;0;0;0;0
Mississippi;2000;0;2844754;44;-34;27;31;0;35;0;0;0;0
Mississippi;2002;0;2858681;41;-85;32;27;35;39;0;0;1;0
Mississippi;2008;0;2947806;40;-23;35;0;;;0;0;0;0
North Carolina;1914;0;2421000;59;16;;;60;58;;;1;1
North Carolina;1918;0;2522000;58;21;58;;58;62;1;;1;1
North Carolina;1920;0;2588000;58;15;60;58;62;61;1;1;0;1
North Carolina;1924;0;2830000;57;23;58;60;61;61;1;1;0;0
North Carolina;1930;1;3167000;45;21;61;62;68;71;1;1;1;0
North Carolina;1932;1;3227000;45;37;61;61;71;64;1;1;0;0
North Carolina;1936;0;3346000;70;42;68;61;64;66;1;1;0;1
North Carolina;1938;0;3440000;73;28;71;68;66;70;1;1;1;1
North Carolina;1944;1;3560000;74;41;66;64;71;69;1;1;0;1
North Carolina;1956;0;4309000;54;33;66;69;61;60;1;1;0;0
North Carolina;1960;0;4556000;51;23;67;66;60;56;1;1;0;0
North Carolina;1962;0;4707000;52;21;61;67;56;61;1;1;1;1
North Carolina;1966;0;4896000;56;11;60;61;61;46;1;1;1;1
North Carolina;1968;0;5004000;56;21;56;60;46;62;1;1;0;1
North Carolina;1972;1;5301150;29;-8;61;56;62;45;1;1;0;0
North Carolina;1974;1;5470911;29;25;46;61;45;49;0;1;1;0
North Carolina;1978;0;5759492;55;-9;62;46;49;48;1;0;1;1
North Carolina;1984;0;6164006;47;-4;49;45;52;47;0;0;0;0
North Carolina;1986;1;6321578;38;4;48;49;47;46;0;0;1;0
North Carolina;1990;0;6656987;42;-5;52;48;46;46;1;0;1;0
North Carolina;1992;0;6831850;42;-4;47;52;46;51;0;1;0;0
North Carolina;1996;0;7307658;43;-7;46;47;51;45;0;0;0;0
North Carolina;1998;0;7545828;44;4;46;46;45;47;0;0;1;0
North Carolina;2002;1;8326201;43;-9;51;46;47;53;1;0;1;0
North Carolina;2004;1;8553152;43;-5;45;51;53;43;0;1;0;0
North Carolina;2008;0;9309449;44;8;47;45;43;;0;0;0;0
North Carolina;2010;0;9535483;50;-12;53;47;;;1;0;1;0
South Carolina;1914;0;1622000;96;100;;;100;100;;;1;1
South Carolina;1918;0;1746000;97;100;100;;100;100;1;;1;1
South Carolina;1920;0;1685000;97;100;100;100;100;100;1;1;0;1
South Carolina;1924;1;1710000;96;100;100;100;100;100;1;1;0;0
South Carolina;1926;0;1726000;97;100;100;100;100;98;1;1;1;0
South Carolina;1930;1;1745000;91;100;100;100;98;99;1;1;1;0
South Carolina;1932;0;1748000;91;96;100;100;99;99;1;1;0;0
South Carolina;1942;0;2007000;96;100;99;99;93;96;1;1;1;1
South Carolina;1944;1;1943000;96;89;100;99;96;100;1;1;0;1
South Carolina;1950;0;2117000;24;100;96;93;0;82;1;1;1;1
South Carolina;1956;0;2229000;51;64;0;100;100;57;0;1;0;0
South Carolina;1966;0;2520000;41;-24;57;100;62;37;1;1;1;1
South Carolina;1968;0;2559000;41;24;38;57;37;70;0;1;0;1
South Carolina;1972;0;2719197;30;-27;62;38;70;44;1;0;0;0
South Carolina;1974;0;2844749;28;41;37;62;44;70;0;1;1;0
South Carolina;1978;0;3044364;56;-11;70;37;70;32;1;0;1;1
South Carolina;1980;1;3121820;56;41;44;70;32;63;0;1;0;1
South Carolina;1984;0;3271868;48;-35;70;44;63;33;1;0;0;0
South Carolina;1986;0;3342758;36;27;32;70;33;50;0;1;1;0
South Carolina;1990;0;3499064;38;-32;63;32;50;44;1;0;1;0
South Carolina;1992;0;3600576;38;3;33;63;44;53;0;1;0;0
South Carolina;1996;0;3738974;40;-9;50;33;53;44;1;0;0;0
South Carolina;1998;0;3839578;44;7;44;50;44;44;0;1;1;0
South Carolina;2002;1;4107795;41;-10;53;44;44;42;1;0;1;0
South Carolina;2004;1;4210921;41;-10;44;53;42;28;0;1;0;0
South Carolina;2008;0;4528996;41;-15;44;44;28;;0;0;0;0
South Carolina;2010;0;4625364;45;-34;42;44;;;0;0;1;0
Texas;1916;0;4444000;73;68;;;87;67;;;0;1
Texas;1918;0;4666000;77;74;81;;67;85;1;;1;1
Texas;1922;1;4955000;59;33;87;81;85;81;1;1;1;0
Texas;1924;0;5210000;59;71;67;87;81;87;1;1;0;0
Texas;1928;1;5675000;74;63;85;67;87;97;1;1;0;0
Texas;1930;0;5844000;48;74;81;85;97;93;1;1;1;0
Texas;1934;0;6053000;88;94;87;81;93;94;1;1;1;1
Texas;1940;0;6425000;87;89;93;97;95;89;1;1;0;1
Texas;1942;0;6711000;81;91;94;93;89;66;1;1;1;1
Texas;1946;0;7197000;71;77;95;94;66;100;1;1;1;1
Texas;1948;1;7626000;71;33;89;95;100;85;1;1;0;1
Texas;1954;0;8382000;47;70;100;66;75;58;1;1;1;0
Texas;1958;0;9252000;44;51;85;100;58;56;1;1;1;0
Texas;1964;0;10270000;51;13;58;75;43;53;1;1;0;1
Texas;1966;0;10492000;63;-13;56;58;53;44;1;1;1;1
Texas;1970;1;11198655;41;7;43;56;44;57;0;1;1;0
Texas;1972;0;11759148;41;-9;53;43;57;49;1;0;0;0
Texas;1976;0;12904089;33;15;44;53;49;59;0;1;0;0
Texas;1978;0;13500429;51;-1;57;44;59;41;1;0;1;1
Texas;1982;0;15331415;41;18;49;57;41;59;0;1;1;0
Texas;1984;1;16007086;41;-17;59;49;59;37;1;0;0;0
Texas;1990;0;17044714;43;-23;59;41;38;44;1;0;1;0
Texas;1994;0;18338319;37;-23;37;59;44;32;0;1;1;0
Texas;1996;0;19006240;37;-11;38;37;32;43;0;0;0;0
Texas;2000;0;20851028;44;-33;44;38;43;36;0;0;0;0
Texas;2002;1;21690325;38;-12;32;44;36;43;0;0;1;0
Texas;2006;0;23359580;38;-26;43;32;43;;0;0;1;0
Texas;2008;0;24309039;38;-12;36;43;;;0;0;0;0
Kentucky;1914;1;2395000;48;9;;;51;50;;;1;1
Kentucky;1918;1;2425000;52;2;52;;50;48;1;;1;1
Kentucky;1920;0;2421000;52;-1;51;52;48;52;1;1;0;1
Kentucky;1926;1;2545000;46;4;48;50;52;59;0;0;1;0
Kentucky;1930;1;2623000;41;4;52;48;59;59;1;0;1;0
Kentucky;1932;0;2676000;41;19;52;52;59;62;1;1;0;0
Kentucky;1938;0;2800000;59;24;59;59;55;55;1;1;1;1
Kentucky;1950;0;2945000;57;9;51;55;54;50;1;1;1;1
Kentucky;1956;0;2898000;50;-1;54;54;41;47;1;1;0;0
Kentucky;1960;0;3038000;45;-18;50;54;47;35;0;1;0;0
Kentucky;1966;0;3147000;64;-29;47;41;48;51;0;0;1;1
Kentucky;1968;1;3195000;64;-4;35;47;51;54;0;0;0;1
Kentucky;1972;1;3335728;38;3;48;35;54;61;0;0;0;0
Kentucky;1974;0;3416315;35;9;51;48;61;65;1;0;1;0
Kentucky;1978;0;3609976;53;24;54;51;65;49;1;1;1;1
Kentucky;1980;1;3660777;53;30;61;54;49;74;1;1;0;1
Kentucky;1984;0;3695453;48;0;65;61;74;48;1;1;0;0
Kentucky;1986;0;3687809;39;49;49;65;48;63;0;1;1;0
Kentucky;1990;0;3692584;44;-4;74;49;63;43;1;0;1;0
Kentucky;1992;0;3756358;44;27;48;74;43;49;0;1;0;0
Kentucky;1996;0;3881051;45;-13;63;48;49;35;1;0;0;0
Kentucky;1998;1;3934310;46;-1;43;63;35;49;0;1;1;0
Kentucky;2002;0;4089875;41;-29;49;43;49;47;0;0;1;0
Kentucky;2004;0;4146101;41;-1;35;49;47;44;0;0;0;0
Kentucky;2008;0;4289878;40;-6;49;35;44;;0;0;0;0
Kentucky;2010;1;4339367;41;-11;47;49;;;0;0;1;0
Maryland;1914;0;1389000;49;7;;;48;43;;;1;1
Maryland;1916;1;1415000;49;-2;51;;43;53;1;;0;1
Maryland;1920;0;1464000;53;-4;48;51;53;58;0;1;0;1
Maryland;1922;0;1509000;42;7;43;48;58;45;0;0;1;0
Maryland;1926;0;1576000;41;16;53;43;45;66;1;0;1;0
Maryland;1928;0;1610000;41;-9;58;53;66;56;1;1;0;0
Maryland;1932;0;1678000;42;35;45;58;56;68;0;1;0;0
Maryland;1934;1;1710000;62;14;66;45;68;66;1;0;1;1
Maryland;1938;0;1766000;62;39;56;66;66;62;1;1;1;1
Maryland;1940;;1839000;62;32;68;56;62;50;1;1;0;1
Maryland;1944;0;2118000;58;23;66;68;50;46;1;1;0;1
Maryland;1946;1;2214000;52;0;62;66;46;47;1;1;1;1
Maryland;1950;0;2343000;48;-7;50;62;47;47;1;1;1;1
Maryland;1952;1;2500000;48;-5;46;50;47;49;0;1;0;1
Maryland;1956;0;2811000;44;-6;47;46;49;62;0;0;0;0
Maryland;1958;0;2982000;40;-2;47;47;62;63;0;0;1;0
Maryland;1962;1;3263000;54;24;49;47;63;39;0;0;1;1
Maryland;1964;0;3492000;54;26;62;49;39;48;1;0;0;1
Maryland;1968;0;3815000;65;-9;63;62;48;43;1;1;0;1
Maryland;1970;0;3923897;44;-3;39;63;43;57;0;1;1;0
Maryland;1974;0;4118815;37;-15;48;39;57;34;0;0;1;0
Maryland;1976;0;4150539;37;18;43;48;34;63;0;0;0;0
Maryland;1980;1;4216975;53;-32;57;43;63;61;1;0;0;1
Maryland;1982;0;4282923;47;27;34;57;61;62;0;1;1;0
Maryland;1986;1;4486957;47;21;63;34;62;71;1;0;1;0
Maryland;1988;0;4657904;47;24;61;63;71;59;1;1;0;0
Maryland;1992;0;4902545;48;42;62;61;59;71;1;1;0;0
Maryland;1994;0;4985411;50;18;71;62;71;63;1;1;1;0
Maryland;1998;0;5130072;54;41;59;71;63;65;1;1;1;0
Maryland;2000;0;5296647;54;26;71;59;65;54;1;1;0;0
Maryland;2004;0;5546935;56;31;63;71;54;62;1;1;0;0
Maryland;2006;1;5627367;56;10;65;63;62;;1;1;1;0
Maryland;2010;0;5773552;62;26;54;65;;;1;1;1;0
Oklahoma;1914;0;1824000;47;19;;;55;45;;;1;1
Oklahoma;1918;0;1969000;51;15;48;;45;35;1;;1;1
Oklahoma;1920;1;2055000;51;-6;55;48;35;55;1;1;0;1
Oklahoma;1924;1;2179000;44;-26;45;55;55;52;0;1;0;0
Oklahoma;1926;0;2256000;48;10;35;45;52;66;0;0;1;0
Oklahoma;1930;0;2401000;35;5;55;35;66;68;1;0;1;0
Oklahoma;1932;0;2394000;35;32;52;55;68;65;1;1;0;0
Oklahoma;1936;1;2365000;73;36;66;52;65;45;1;1;0;1
Oklahoma;1938;0;2324000;67;31;68;66;45;56;1;1;1;1
Oklahoma;1942;0;2215000;57;-10;65;68;56;62;1;1;1;1
Oklahoma;1944;0;2043000;57;12;45;65;62;55;0;1;0;1
Oklahoma;1948;1;2089000;56;25;56;45;55;56;1;0;0;1
Oklahoma;1950;1;2233000;63;10;62;56;56;55;1;1;1;1
Oklahoma;1954;0;2209000;45;12;55;62;55;55;1;1;1;0
Oklahoma;1956;0;2273000;45;11;56;55;55;53;1;1;0;0
Oklahoma;1962;0;2427000;41;7;55;55;54;46;1;1;1;1
Oklahoma;1966;0;2454000;56;7;53;55;46;48;1;1;1;1
Oklahoma;1968;0;2503000;56;-6;54;53;48;49;1;1;0;1
Oklahoma;1972;1;2658646;32;-4;46;54;49;65;0;1;0;0
Oklahoma;1974;0;2734768;24;0;48;46;65;44;0;0;1;0
Oklahoma;1978;1;2917336;49;33;49;48;44;76;0;0;1;1
Oklahoma;1980;1;3025290;49;-10;65;49;76;45;1;0;0;1
Oklahoma;1984;0;3285533;35;52;44;65;45;83;0;1;0;0
Oklahoma;1986;0;3252735;31;-10;76;44;83;38;1;0;1;0
Oklahoma;1990;0;3147105;41;66;45;76;38;40;0;1;1;0
Oklahoma;1992;0;3204174;41;-20;83;45;40;31;1;0;0;0
Oklahoma;1996;0;3289634;34;-17;38;83;31;36;0;1;0;0
Oklahoma;1998;0;3339478;40;-35;40;38;36;41;0;0;1;0
Oklahoma;2002;0;3489080;38;-21;31;40;41;39;0;0;1;0
Oklahoma;2004;1;3525233;38;-12;36;31;39;26;0;0;0;0
Oklahoma;2008;0;3668976;34;-17;41;36;26;;0;0;0;0
Oklahoma;2010;0;3751351;34;-45;39;41;;;0;0;1;0
Tennessee;1916;1;2304000;53;10;;;62;68;;;0;1
Tennessee;1918;1;2288000;56;24;54;;68;57;1;;1;1
Tennessee;1922;0;2424000;48;36;62;54;57;59;1;1;1;0
Tennessee;1928;0;2624000;53;19;57;68;71;63;1;1;0;0
Tennessee;1934;0;2784000;66;28;71;59;76;71;1;1;1;1
Tennessee;1940;0;2935000;69;42;76;63;69;67;1;1;0;1
Tennessee;1942;0;2939000;67;47;71;76;67;65;1;1;1;1
Tennessee;1946;0;3074000;60;40;69;71;65;74;1;1;1;1
Tennessee;1948;1;3216000;60;32;67;69;74;70;1;1;0;1
Tennessee;1952;1;3352000;49;53;65;67;70;79;1;1;0;1
Tennessee;1954;0;3359000;50;40;74;65;79;72;1;1;1;0
Tennessee;1958;0;3471000;49;60;70;74;72;54;1;1;1;0
Tennessee;1964;0;3771000;46;7;72;79;44;47;1;1;0;1
Tennessee;1966;1;3822000;56;-11;54;72;47;38;1;1;1;1
Tennessee;1970;0;3926018;28;-4;44;54;38;52;0;1;1;0
Tennessee;1972;0;4094611;28;-24;47;44;52;40;0;0;0;0
Tennessee;1976;0;4346928;30;5;38;47;40;62;0;0;0;0
Tennessee;1978;0;4486314;56;-15;52;38;62;61;1;0;1;1
Tennessee;1982;0;4646041;48;24;40;52;61;65;0;1;1;0
Tennessee;1984;1;4686737;48;27;62;40;65;68;1;0;0;0
Tennessee;1988;0;4822437;42;31;61;62;68;42;1;1;0;0
Tennessee;1994;0;5163016;47;-14;68;65;37;32;1;1;1;0
Tennessee;1996;0;5313576;47;-25;42;68;32;44;0;1;0;0
Tennessee;2000;0;5689427;48;-33;37;42;44;48;0;0;0;0
Tennessee;2002;1;5795918;47;-10;32;37;48;32;0;0;1;0
Tennessee;2006;1;6088766;43;-3;44;32;32;;0;0;1;0
Tennessee;2008;0;6247411;43;-34;48;44;;;0;0;0;0
West Virginia;1916;0;1414000;42;-2;;;45;51;;;0;1
West Virginia;1918;1;1438000;48;-8;48;;51;48;0;;1;1
West Virginia;1922;0;1498000;43;4;45;48;48;49;0;0;1;0
West Virginia;1924;1;1577000;43;-3;51;45;49;62;1;0;0;0
West Virginia;1928;0;1696000;44;-1;48;51;62;55;0;1;0;0
West Virginia;1930;1;1733000;41;24;49;48;55;59;0;0;1;0
West Virginia;1934;0;1771000;54;11;62;49;59;56;1;0;1;1
West Virginia;1940;1;1907000;61;13;59;55;45;50;1;1;0;1
West Virginia;1942;0;1831000;57;-11;56;59;50;57;1;1;1;1
West Virginia;1946;0;1826000;55;1;45;56;57;54;0;1;1;1
West Virginia;1948;0;1899000;55;14;50;45;54;55;1;0;0;1
West Virginia;1958;0;1845000;46;18;55;54;55;68;1;1;1;0
West Virginia;1960;0;1860000;46;11;59;55;68;60;1;1;0;0
West Virginia;1964;0;1797000;53;35;55;59;60;78;1;1;0;1
West Virginia;1966;0;1775000;68;19;68;55;78;66;1;1;1;1
West Virginia;1970;0;1744237;50;55;60;68;66;100;1;1;1;0
West Virginia;1972;0;1797648;50;33;78;60;100;50;1;1;0;0
West Virginia;1976;0;1879503;36;100;66;78;50;68;1;1;0;0
West Virginia;1978;0;1923395;58;1;100;66;68;52;1;1;1;1
West Virginia;1982;0;1949604;50;38;50;100;52;65;1;1;1;0
West Virginia;1984;1;1927697;50;4;68;50;65;68;1;1;0;0
West Virginia;1988;0;1830215;45;30;52;68;68;69;1;1;0;0
West Virginia;1990;0;1792481;52;37;65;52;69;77;1;1;1;0
West Virginia;1994;0;1818490;48;38;68;65;77;78;1;1;1;0
West Virginia;1996;0;1818983;48;53;69;68;78;63;1;1;0;0
West Virginia;2000;0;1808193;52;58;77;69;63;64;1;1;0;0
West Virginia;2002;0;1805414;46;26;78;77;64;64;1;1;1;0
West Virginia;2008;0;1840310;43;27;64;63;;;1;1;0;0
Arizona;1914;0;253000;44;25;;;55;45;;;1;1
Arizona;1916;1;282000;44;16;53;;45;65;1;;0;1
Arizona;1920;0;340000;57;-10;55;53;65;58;1;1;0;1
Arizona;1922;0;360000;44;30;45;55;58;54;0;1;1;0
Arizona;1926;0;403000;35;17;65;45;54;67;1;0;1;0
Arizona;1928;0;422000;35;8;58;65;67;72;1;1;0;0
Arizona;1932;0;426000;42;35;54;58;72;77;1;1;0;0
Arizona;1934;0;428000;67;46;67;54;77;72;1;1;1;1
Arizona;1938;0;466000;70;53;72;67;72;69;1;1;1;1
Arizona;1940;1;499000;70;44;77;72;69;69;1;1;0;1
Arizona;1944;0;610000;63;39;72;77;69;63;1;1;0;1
Arizona;1946;0;616000;59;39;69;72;63;49;1;1;1;1
Arizona;1950;0;750000;54;26;69;69;49;61;1;1;1;1
Arizona;1952;0;842000;54;-3;63;69;61;44;1;1;0;1
Arizona;1956;0;1053000;42;23;49;63;44;55;0;1;0;0
Arizona;1958;0;1193000;39;-12;61;49;55;49;1;0;1;0
Arizona;1962;0;1471000;44;10;44;61;49;43;0;1;1;1
Arizona;1964;1;1556000;44;-3;55;44;43;44;1;0;0;1
Arizona;1968;1;1682000;49;-14;49;55;44;42;0;1;0;1
Arizona;1970;0;1775399;35;-12;43;49;42;54;0;0;1;0
Arizona;1974;0;2223196;30;-17;44;43;54;48;0;0;1;0
Arizona;1976;1;2346157;30;11;42;44;48;57;0;0;0;0
Arizona;1980;1;2718215;40;-1;54;42;57;40;1;0;0;1
Arizona;1982;0;2889861;28;17;48;54;40;57;0;1;1;0
Arizona;1986;1;3308262;33;-21;57;48;57;32;1;0;1;0
Arizona;1988;1;3535183;33;16;40;57;32;40;0;1;0;0
Arizona;1992;0;3867333;39;-24;57;40;40;27;1;0;0;0
Arizona;1994;1;4147561;37;-14;32;57;27;0;0;1;1;0
Arizona;1998;0;4667277;47;-42;40;32;0;21;0;0;1;0
Arizona;2000;0;5130247;47;-79;27;40;21;43;0;0;0;0
Arizona;2004;0;5652404;45;-56;0;27;43;35;0;0;0;0
Arizona;2006;0;6029141;44;-10;21;0;35;;0;0;1;0
Arizona;2010;0;6392017;45;-24;43;21;;;0;0;1;0
Colorado;1914;0;846000;43;1;;;48;39;;;1;1
Colorado;1918;0;906000;61;-2;40;;39;44;1;;1;1
Colorado;1924;0;1014000;36;-6;39;48;46;56;0;0;0;0
Colorado;1930;1;1040000;34;13;46;44;52;63;0;0;1;0
Colorado;1932;0;1066000;34;6;56;46;63;58;1;0;0;0
Colorado;1936;1;1090000;55;28;52;56;58;50;1;1;0;1
Colorado;1942;0;1113000;48;1;58;63;44;67;1;1;1;1
Colorado;1944;;1137000;;-13;50;58;67;47;1;1;0;1
Colorado;1948;0;1263000;;34;44;50;47;49;0;1;0;1
Colorado;1950;0;1325000;52;-7;67;44;49;50;1;0;1;1
Colorado;1954;1;1493000;39;-3;47;67;50;46;0;1;1;0
Colorado;1956;1;1625000;39;0;49;47;46;46;0;0;0;0
Colorado;1960;0;1754000;40;-8;50;49;46;42;1;0;0;0
Colorado;1962;0;1899000;45;-8;46;50;42;41;0;1;1;1
Colorado;1966;0;2007000;61;-16;46;46;41;49;0;0;1;1
Colorado;1968;0;2120000;61;-17;42;46;49;57;0;0;0;1
Colorado;1972;0;2404619;41;1;41;42;57;40;0;0;0;0
Colorado;1974;0;2541406;35;18;49;41;40;50;1;0;1;0
Colorado;1978;0;2766748;43;-18;57;49;50;35;1;1;1;1
Colorado;1980;1;2889964;43;2;40;57;35;50;0;1;0;1
Colorado;1984;0;3169992;31;-30;50;40;50;42;1;0;0;0
Colorado;1986;1;3237450;35;2;35;50;42;52;0;1;1;0
Colorado;1990;1;3303862;45;-14;50;35;52;46;1;0;1;0
Colorado;1996;1;3812716;40;-5;52;42;35;46;1;0;0;0
Colorado;1998;0;3968967;44;-27;46;52;46;51;0;1;1;0
Colorado;2002;0;4490406;42;-4;35;46;51;53;0;0;1;0
Colorado;2008;1;4889730;47;10;51;46;48;;1;0;0;0
Colorado;2010;0;5029196;54;2;53;51;;;1;1;1;0
Idaho;1918;0;405000;52;-34;38;;46;20;0;;1;1
Idaho;1920;0;433000;52;-8;33;38;20;25;0;0;0;1
Idaho;1924;0;434000;34;-59;46;33;25;28;0;0;0;0
Idaho;1930;0;447000;35;-45;25;20;56;37;0;0;1;0
Idaho;1932;0;459000;35;13;28;25;37;55;0;0;0;0
Idaho;1938;1;513000;63;10;37;56;48;51;0;1;1;1
Idaho;1944;1;529000;54;2;48;55;50;38;0;1;0;1
Idaho;1950;0;589000;50;-23;50;51;37;56;1;1;1;1
Idaho;1954;0;600000;34;-26;38;50;56;48;0;1;1;0
Idaho;1956;0;628000;34;17;37;38;48;55;0;0;0;0
Idaho;1962;0;692000;46;9;48;56;45;60;0;1;1;1
Idaho;1966;0;689000;51;-11;55;48;60;46;1;0;1;1
Idaho;1968;0;695000;51;21;45;55;46;56;0;1;0;1
Idaho;1972;1;763237;31;-7;60;45;56;32;1;0;0;0
Idaho;1974;0;807990;26;14;46;60;32;49;0;1;1;0
Idaho;1978;0;910690;37;-37;56;46;49;26;1;0;1;1
Idaho;1980;1;943935;37;-1;32;56;26;48;0;1;0;1
Idaho;1984;0;990839;25;-46;49;32;48;39;0;0;0;0
Idaho;1986;0;990224;26;-3;26;49;39;43;0;0;1;0
Idaho;1990;1;1011882;36;-23;48;26;43;40;0;0;1;0
Idaho;1992;1;1066490;36;-13;39;48;40;28;0;0;0;0
Idaho;1996;0;1187706;28;-17;43;39;28;33;0;0;0;0
Idaho;1998;1;1230923;34;-41;40;43;33;0;0;0;1;0
Idaho;2002;0;1340372;28;-33;28;40;0;34;0;0;1;0
Idaho;2004;0;1391802;28;-99;33;28;34;25;0;0;0;0
Idaho;2008;1;1534320;30;-24;0;33;25;;0;0;0;0
Idaho;2010;0;1567582;36;-46;34;0;;;0;0;1;0
Montana;1916;0;487000;35;8;;;41;55;;;0;1
Montana;1918;0;501000;57;5;51;;55;53;1;;1;1
Montana;1922;1;543000;32;12;41;51;53;53;1;1;1;0
Montana;1924;0;538000;32;10;55;41;53;60;1;1;0;0
Montana;1928;0;541000;19;6;53;55;60;70;1;1;0;0
Montana;1934;0;545000;59;41;60;53;55;73;1;1;1;1
Montana;1936;0;554000;59;28;70;60;73;49;1;1;0;1
Montana;1940;0;558000;69;47;55;70;49;45;1;1;0;1
Montana;1942;0;518000;59;1;73;55;45;57;1;1;1;1
Montana;1946;1;514000;54;-8;49;73;57;51;1;1;1;1
Montana;1948;0;542000;54;14;45;49;51;50;0;1;0;1
Montana;1952;0;602000;53;2;57;45;50;76;1;0;0;1
Montana;1954;0;624000;40;1;51;57;76;51;1;1;1;0
Montana;1958;0;666000;43;52;50;51;51;65;1;1;1;0
Montana;1960;1;675000;43;1;76;50;65;53;1;1;0;0
Montana;1964;0;706000;49;29;51;76;53;61;1;1;0;1
Montana;1966;0;707000;59;6;65;51;61;52;1;1;1;1
Montana;1970;0;694409;42;21;53;65;52;64;1;1;1;0
Montana;1976;1;757317;38;28;52;61;56;54;1;1;0;0
Montana;1978;1;782317;45;11;64;52;54;57;1;1;1;1
Montana;1982;0;803986;32;13;56;64;57;48;1;1;1;0
Montana;1984;0;820905;32;16;54;56;48;68;1;1;0;0
Montana;1988;0;800202;38;-4;57;54;68;38;1;1;0;0
Montana;1990;0;799824;46;39;48;57;38;50;0;1;1;0
Montana;1994;0;854923;38;-25;68;48;50;47;1;0;1;0
Montana;1996;0;876656;38;5;38;68;47;63;0;1;0;0
Montana;2000;0;902200;41;-3;50;38;63;49;1;0;0;0
Montana;2002;0;911667;33;31;47;50;49;73;0;1;1;0
Montana;2006;0;952692;39;1;63;47;73;;1;0;1;0
Montana;2008;0;976415;39;46;49;63;;;1;1;0;0
Nevada;1916;0;82000;40;7;37;;38;63;1;;0;1
Nevada;1920;0;78000;53;-4;39;37;63;42;1;1;0;1
Nevada;1922;0;81000;36;26;38;39;42;59;0;1;1;0
Nevada;1926;0;87000;22;-13;63;38;59;52;1;0;1;0
Nevada;1928;0;89000;22;19;42;63;52;65;0;1;0;0
Nevada;1932;0;96000;43;4;59;42;65;59;1;0;0;0
Nevada;1938;0;105000;73;18;65;52;60;58;1;1;1;1
Nevada;1944;0;153000;60;17;60;59;45;58;1;1;0;1
Nevada;1946;1;143000;55;-10;58;60;58;48;1;1;1;1
Nevada;1952;0;181000;50;-3;58;45;53;58;1;0;0;1
Nevada;1956;0;250000;39;5;48;58;58;65;0;1;0;0
Nevada;1958;0;269000;42;15;53;48;65;50;1;0;1;0
Nevada;1962;0;352000;51;31;58;53;50;55;1;1;1;1
Nevada;1964;0;426000;51;0;65;58;55;58;1;1;0;1
Nevada;1970;0;488738;39;16;55;50;47;63;1;1;1;0
Nevada;1974;1;596822;36;0;58;55;63;37;1;1;1;0
Nevada;1976;0;646975;36;32;47;58;37;48;0;1;0;0
Nevada;1980;1;800493;46;-21;63;47;48;50;1;0;0;1
Nevada;1982;0;881537;27;-2;37;63;50;50;0;1;1;0
Nevada;1986;1;980613;32;5;48;37;50;51;0;0;1;0
Nevada;1988;0;1075022;32;4;50;48;51;51;1;0;0;0
Nevada;1992;0;1330694;38;11;50;50;51;48;1;1;0;0
Nevada;1994;0;1456388;37;10;51;50;48;40;1;1;1;0
Nevada;1998;0;1743772;44;0;51;51;40;61;1;1;1;0
Nevada;2000;1;1998250;44;-15;48;51;61;41;1;1;0;0
Nevada;2004;0;2346222;46;26;40;48;41;50;0;1;0;0
Nevada;2010;0;2700551;55;6;41;61;;;0;1;1;0
New Mexico;1916;1;354000;42;5;;;47;55;;;0;1
New Mexico;1924;0;390000;44;2;55;47;42;59;1;0;0;0
New Mexico;1928;1;416000;43;-15;50;55;59;49;1;1;0;0
New Mexico;1936;0;489000;63;23;49;59;56;59;0;1;0;1
New Mexico;1940;0;531000;63;12;62;49;59;52;1;0;0;1
New Mexico;1942;0;502000;57;18;56;62;52;57;1;1;1;1
New Mexico;1946;0;561000;53;3;59;56;57;51;1;1;1;1
New Mexico;1948;1;604000;53;15;52;59;51;57;1;1;0;1
New Mexico;1952;0;735000;56;2;57;52;57;63;1;1;0;1
New Mexico;1954;0;763000;44;15;51;57;63;63;1;1;1;0
New Mexico;1960;0;951000;42;27;63;57;55;53;1;1;0;0
New Mexico;1964;1;1006000;50;9;63;63;53;52;1;1;0;1
New Mexico;1966;0;1007000;59;6;55;63;52;46;1;1;1;1
New Mexico;1970;0;1017055;40;5;53;55;46;43;1;1;1;0
New Mexico;1972;1;1078697;40;-8;52;53;43;47;1;1;0;0
New Mexico;1976;0;1189295;37;-14;46;52;47;54;0;1;0;0
New Mexico;1978;0;1238034;48;-7;43;46;54;44;0;0;1;1
New Mexico;1982;1;1363823;37;8;47;43;44;63;0;0;1;0
New Mexico;1984;0;1416717;37;-12;54;47;63;27;1;0;0;0
New Mexico;1988;0;1490337;39;27;44;54;27;54;0;1;0;0
New Mexico;1990;0;1519933;47;-46;63;44;54;30;1;0;1;0
New Mexico;1994;0;1653329;46;8;27;63;30;62;0;1;1;0
New Mexico;1996;0;1706151;46;-35;54;27;62;35;1;0;0;0
New Mexico;2000;0;1819017;49;23;30;54;35;71;0;1;0;0
New Mexico;2002;0;1855309;48;-30;62;30;71;61;1;0;1;0
New Mexico;2006;0;1962137;49;41;35;62;61;;0;1;1;0
New Mexico;2008;1;2010662;49;23;71;35;;;1;0;0;0
Utah;1914;0;422000;33;-3;;;57;39;;;1;1
Utah;1916;0;436000;33;17;46;;39;49;0;;0;1
Utah;1920;0;453000;59;-18;57;46;49;38;1;0;0;1
Utah;1922;0;467000;39;0;39;57;38;56;0;1;1;0
Utah;1926;0;494000;30;-24;49;39;56;57;1;0;1;0
Utah;1928;0;504000;30;12;38;49;57;53;0;1;0;0
Utah;1932;0;517000;46;15;56;38;53;56;1;0;0;0
Utah;1934;0;522000;57;8;57;56;56;63;1;1;1;1
Utah;1938;0;535000;69;12;53;57;63;60;1;1;1;1
Utah;1940;1;552000;69;26;56;53;60;49;1;1;0;1
Utah;1944;0;605000;62;20;63;56;49;46;1;1;0;1
Utah;1946;0;638000;60;-2;60;63;46;46;1;1;1;1
Utah;1950;0;689000;54;-8;49;60;46;46;0;1;1;1
Utah;1952;0;724000;54;-9;46;49;46;39;0;0;0;1
Utah;1956;0;809000;41;-8;46;46;39;48;0;0;0;0
Utah;1958;0;845000;35;4;46;46;48;57;0;0;1;0
Utah;1962;0;958000;45;-5;39;46;57;46;1;0;1;1
Utah;1964;0;978000;45;15;48;39;46;56;0;1;0;1
Utah;1968;0;1029000;55;-8;57;48;56;44;1;0;0;1
Utah;1970;0;1059273;37;14;46;57;44;43;0;1;1;0
Utah;1974;1;1200471;26;-6;56;46;43;25;1;0;1;0
Utah;1976;1;1274928;26;-13;44;56;25;41;0;1;0;0
Utah;1980;1;1461037;34;-48;43;44;41;27;0;0;0;1
Utah;1982;0;1558314;21;-17;25;43;27;32;0;0;1;0
Utah;1986;0;1662834;25;-46;41;25;32;40;0;0;1;0
Utah;1988;0;1689372;25;-35;27;41;40;29;0;0;0;0
Utah;1992;1;1821498;32;-16;32;27;29;33;0;0;0;0
Utah;1994;1;1930436;25;-42;40;32;33;32;0;0;1;0
Utah;1998;0;2100562;33;-31;29;40;32;28;0;0;1;0
Utah;2000;0;2233183;33;-34;33;29;28;31;0;0;0;0
Utah;2004;0;2401580;26;-40;32;33;31;33;0;0;0;0
Utah;2006;0;2525507;26;-31;28;32;33;;0;0;1;0
Utah;2010;1;2763885;34;-29;31;28;;;0;0;1;0
Wyoming;1916;0;174000;36;6;;;42;57;;;0;1
Wyoming;1918;0;181000;55;-16;51;;57;45;1;;1;1
Wyoming;1922;0;208000;32;15;42;51;45;53;0;1;1;0
Wyoming;1930;0;226000;35;-18;53;45;57;54;1;0;1;0
Wyoming;1934;0;233000;56;14;41;53;54;59;0;1;1;1
Wyoming;1936;0;240000;56;8;57;41;59;45;1;0;0;1
Wyoming;1940;0;250000;61;17;54;57;45;56;1;1;0;1
Wyoming;1942;0;251000;53;-9;59;54;56;57;1;1;1;1
Wyoming;1946;0;254000;49;12;45;59;57;48;0;1;1;1
Wyoming;1952;0;293000;52;-3;57;56;52;51;1;1;0;1
Wyoming;1954;0;293000;37;3;48;57;51;44;0;1;1;0
Wyoming;1958;0;315000;40;2;52;48;44;54;1;0;1;0
Wyoming;1964;0;339000;45;8;44;51;48;56;0;1;0;1
Wyoming;1966;1;323000;57;-4;54;44;56;29;1;0;1;1
Wyoming;1970;0;332416;36;12;48;54;29;45;0;1;1;0
Wyoming;1972;0;347345;36;-43;56;48;45;38;1;0;0;0
Wyoming;1976;0;396952;30;-9;29;56;38;43;0;1;0;0
Wyoming;1978;1;432880;40;-24;45;29;43;22;0;0;1;1
Wyoming;1982;0;506400;28;-13;38;45;22;50;0;0;1;0
Wyoming;1984;0;504896;28;-57;43;38;50;36;0;0;0;0
Wyoming;1988;0;465101;28;-1;22;43;36;39;0;0;0;0
Wyoming;1990;0;453401;38;-28;50;22;39;42;0;0;1;0
Wyoming;1994;1;474982;34;-20;36;50;42;22;0;0;1;0
Wyoming;1996;1;480085;34;-12;39;36;22;27;0;0;0;0
Wyoming;2000;0;493786;37;-52;42;39;27;30;0;0;0;0
Wyoming;2002;0;500017;28;-46;22;42;30;24;0;0;1;0
Wyoming;2008;0;546043;29;-51;30;27;;;0;0;0;0
California;1914;1;2934000;42;-8;;;30;41;;;1;1
California;1916;1;3071000;42;-32;32;;41;24;0;;0;1
California;1920;0;3554000;47;-8;30;32;24;37;0;0;0;1
California;1922;0;3991000;24;-38;41;30;37;18;0;0;1;0
California;1926;0;4929000;8;-26;24;41;18;43;0;0;1;0
California;1928;0;5344000;8;-56;37;24;43;0;0;0;0;0
California;1934;0;6060000;58;-95;43;18;0;0;1;0;1;1
California;1938;1;6656000;67;-55;0;43;0;52;0;1;1;1
California;1946;0;9559000;56;-10;52;0;41;0;1;0;1;1
California;1952;0;11635000;48;-88;41;44;46;57;0;0;0;1
California;1956;0;13713000;43;-8;0;41;57;43;0;0;0;0
California;1962;0;17072000;50;-13;57;46;48;52;1;0;1;1
California;1968;1;19394000;59;5;48;43;54;61;0;0;0;1
California;1970;0;19971069;45;10;52;48;61;47;1;0;1;0
California;1974;0;21173865;42;24;54;52;47;57;1;1;1;0
California;1976;0;21935909;42;-3;61;54;57;45;1;1;0;0
California;1980;1;23667902;48;19;47;61;45;49;0;1;0;1
California;1982;1;24820009;36;-7;57;47;49;44;1;0;1;0
California;1986;0;27102237;41;1;45;57;44;48;0;1;1;0
California;1992;1;30875920;48;5;44;49;47;53;0;1;0;0
California;1994;0;31317179;46;2;48;44;53;56;1;0;1;0
California;1998;0;32682794;51;10;47;48;56;55;1;1;1;0
California;2000;0;33871653;51;19;53;47;55;59;1;1;0;0
California;2004;0;35574576;53;19;56;53;59;52;1;1;0;0
California;2006;0;36021202;54;24;55;56;52;;1;1;1;0
California;2010;0;37253956;61;10;59;55;;;1;1;1;0
Oregon;1914;0;736000;34;10;;;42;44;;;1;1
Oregon;1918;1;763000;46;-12;46;;44;25;1;;1;1
Oregon;1920;0;788000;46;-7;42;46;25;36;0;1;0;1
Oregon;1924;0;856000;34;-41;44;42;36;28;0;0;0;0
Oregon;1926;1;905000;24;-3;25;44;28;39;0;0;1;0
Oregon;1930;0;956000;34;-30;36;25;39;48;0;0;1;0
Oregon;1936;0;1025000;58;-1;39;28;45;23;0;0;0;1
Oregon;1938;1;1067000;64;-10;48;39;23;39;0;0;1;1
Oregon;1944;1;1233000;54;-21;23;45;40;23;0;0;0;1
Oregon;1948;0;1405000;52;-20;39;23;23;50;0;0;0;1
Oregon;1956;0;1698000;39;8;50;23;55;54;1;0;0;0
Oregon;1960;0;1769000;45;9;54;50;54;48;1;1;0;0
Oregon;1962;0;1818000;47;8;55;54;48;50;1;1;1;1
Oregon;1966;1;1969000;64;-4;54;55;50;46;1;1;1;1
Oregon;1968;0;2004000;64;0;48;54;46;45;0;1;0;1
Oregon;1972;1;2197297;44;-8;50;48;45;38;0;0;0;0
Oregon;1974;0;2285013;42;-10;46;50;38;44;0;0;1;0
Oregon;1978;0;2518298;48;-23;45;46;44;33;0;0;1;1
Oregon;1980;1;2633105;48;-8;38;45;33;36;0;0;0;1
Oregon;1984;0;2666588;39;-33;44;38;36;46;0;0;0;0
Oregon;1986;0;2683528;44;-27;33;44;46;46;0;0;1;0
Oregon;1990;0;2858547;51;-7;36;33;46;46;0;0;1;0
Oregon;1996;1;3195087;42;-4;46;46;61;40;0;0;0;0
Oregon;1998;0;3282055;47;27;46;46;40;63;0;0;1;0
Oregon;2002;0;3513424;47;-17;61;46;63;49;1;0;1;0
Oregon;2004;0;3569463;47;32;40;61;49;57;0;1;0;0
Oregon;2008;0;3768748;51;3;63;40;57;;1;0;0;0
Oregon;2010;0;3831074;57;18;49;63;;;1;1;1;0
Washington;1914;0;1231000;27;-11;;;37;18;;;1;1
Washington;1916;0;1255000;27;-18;27;;18;44;0;;0;1
Washington;1920;0;1373000;48;-39;37;27;44;47;0;0;0;1
Washington;1922;0;1415000;21;1;18;37;47;53;0;0;1;0
Washington;1928;0;1551000;10;7;47;44;61;61;0;1;0;0
Washington;1932;0;1584000;31;28;53;47;61;63;1;0;0;0
Washington;1944;1;2092000;58;11;54;63;45;53;1;1;0;1
Washington;1946;1;2288000;57;-9;55;54;53;56;1;1;1;1
Washington;1950;0;2379000;53;7;45;55;56;61;0;1;1;1
Washington;1952;0;2448000;53;13;53;45;61;67;1;0;0;1
Washington;1956;0;2668000;45;22;56;53;67;52;1;1;0;0
Washington;1958;0;2773000;45;36;61;56;52;72;1;1;1;0
Washington;1962;0;2942000;48;5;67;61;72;64;1;1;1;1
Washington;1964;0;2961000;48;44;52;67;64;82;1;1;0;1
Washington;1968;0;3270000;62;29;72;52;82;61;1;1;0;1
Washington;1970;0;3413244;47;66;64;72;61;72;1;1;1;0
Washington;1974;0;3549946;39;25;82;64;72;46;1;1;1;0
Washington;1976;0;3693610;39;48;61;82;46;69;1;1;0;0
Washington;1980;1;4132156;46;-8;72;61;69;51;1;1;0;1
Washington;1986;0;4452720;43;2;69;46;49;54;1;0;1;0
Washington;1988;1;4639893;43;-2;51;69;54;44;1;1;0;0
Washington;1992;1;5139011;50;8;49;51;44;58;0;1;0;0
Washington;1994;0;5334896;43;-11;54;49;58;49;1;0;1;0
Washington;1998;0;5687832;50;17;44;54;49;55;0;1;1;0
Washington;2000;0;5894281;50;0;58;44;55;57;1;0;0;0
Washington;2004;0;6178645;50;12;49;58;57;52;1;1;0;0
Washington;2006;0;6370753;53;17;55;49;52;;1;1;1;0
Washington;2010;0;6724540;58;5;57;55;;;1;1;1;0
Alaska;1960;0;226000;;27;;;58;76;;;0;0
Alaska;1962;0;246000;49;16;63;;76;45;1;;1;1
Alaska;1968;0;285000;66;8;76;58;23;58;1;1;0;1
Alaska;1972;0;324464;43;-55;45;76;58;24;1;1;0;0
Alaska;1974;0;341063;35;17;23;45;24;46;0;1;1;0
Alaska;1978;0;404766;36;-51;58;23;46;28;1;0;1;1
Alaska;1980;1;401851;36;-8;24;58;28;44;0;1;0;1
Alaska;1984;0;513702;26;-43;46;24;44;32;0;0;0;0
Alaska;1986;0;544268;30;-10;28;46;32;38;0;0;1;0
Alaska;1990;0;553120;36;-34;44;28;38;10;0;0;1;0
Alaska;1992;1;587073;36;-15;32;44;10;20;0;0;0;0
Alaska;1996;0;604918;30;-66;38;32;20;11;0;0;0;0
Alaska;2002;0;642337;28;-68;20;10;46;48;0;0;1;0
Alaska;2004;0;659286;28;-1;11;20;48;24;0;0;0;0
Alaska;2008;0;687455;36;1;46;11;24;;0;0;0;0
Alaska;2010;0;710231;38;-52;48;46;;;1;0;1;0
Hawaii;1962;1;684000;50;39;;;46;83;;;1;1
Hawaii;1964;0;700000;50;-7;69;;83;48;1;;0;1
Hawaii;1968;0;734000;79;68;46;69;48;83;0;1;0;1
Hawaii;1970;0;769913;60;-3;83;46;83;54;1;0;1;0
Hawaii;1974;0;867978;38;66;48;83;54;78;0;1;1;0
Hawaii;1976;1;904191;38;13;83;48;78;80;1;0;0;0
Hawaii;1980;1;964691;51;60;54;83;80;74;1;1;0;1
Hawaii;1982;0;993780;45;63;78;54;74;77;1;1;1;0
Hawaii;1986;0;1051762;44;47;80;78;77;57;1;1;1;0
Hawaii;1992;0;1149926;54;30;77;74;72;79;1;1;0;0
Hawaii;1994;0;1173903;48;48;57;77;79;73;1;1;1;0
Hawaii;1998;0;1190472;57;61;72;57;73;76;1;1;1;0
Hawaii;2000;0;1211497;57;48;79;72;76;61;1;1;0;0
Hawaii;2004;0;1273569;56;55;73;79;61;75;1;1;0;0
Hawaii;2006;0;1309731;54;25;76;73;75;;1;1;1;0
Hawaii;2010;0;1360301;72;53;61;76;;;1;1;1;0
